Dagsetning;Meginvextir
4.1.2010;9,13
5.1.2010;9,13
6.1.2010;9,13
7.1.2010;9,13
8.1.2010;9,13
11.1.2010;9,13
12.1.2010;9,13
13.1.2010;9,13
14.1.2010;9,13
15.1.2010;9,13
18.1.2010;9,13
19.1.2010;9,13
20.1.2010;9,13
21.1.2010;9,13
22.1.2010;9,13
25.1.2010;9,13
26.1.2010;9,13
27.1.2010;8,63
28.1.2010;8,63
29.1.2010;8,63
1.2.2010;8,63
2.2.2010;8,63
3.2.2010;8,63
4.2.2010;8,63
5.2.2010;8,63
8.2.2010;8,63
9.2.2010;8,63
10.2.2010;8,63
11.2.2010;8,63
12.2.2010;8,63
15.2.2010;8,63
16.2.2010;8,63
17.2.2010;8,63
18.2.2010;8,63
19.2.2010;8,63
22.2.2010;8,63
23.2.2010;8,63
24.2.2010;8,63
25.2.2010;8,63
26.2.2010;8,63
1.3.2010;8,63
2.3.2010;8,63
3.3.2010;8,63
4.3.2010;8,63
5.3.2010;8,63
8.3.2010;8,63
9.3.2010;8,63
10.3.2010;8,63
11.3.2010;8,63
12.3.2010;8,63
15.3.2010;8,63
16.3.2010;8,63
17.3.2010;8,13
18.3.2010;8,13
19.3.2010;8,13
22.3.2010;8,13
23.3.2010;8,13
24.3.2010;8,13
25.3.2010;8,13
26.3.2010;8,13
29.3.2010;8,13
30.3.2010;8,13
31.3.2010;8,13
6.4.2010;8,13
7.4.2010;8,13
8.4.2010;8,13
9.4.2010;8,13
12.4.2010;8,13
13.4.2010;8,13
14.4.2010;8,13
15.4.2010;8,13
16.4.2010;8,13
19.4.2010;8,13
20.4.2010;8,13
21.4.2010;8,13
23.4.2010;8,13
26.4.2010;8,13
27.4.2010;8,13
28.4.2010;8,13
29.4.2010;8,13
30.4.2010;8,13
3.5.2010;8,13
4.5.2010;8,13
5.5.2010;7,63
6.5.2010;7,63
7.5.2010;7,63
10.5.2010;7,63
11.5.2010;7,63
12.5.2010;7,63
14.5.2010;7,63
17.5.2010;7,63
18.5.2010;7,63
19.5.2010;7,63
20.5.2010;7,63
21.5.2010;7,63
25.5.2010;7,63
26.5.2010;7,63
27.5.2010;7,63
28.5.2010;7,63
31.5.2010;7,63
1.6.2010;7,63
2.6.2010;7,63
3.6.2010;7,63
4.6.2010;7,63
7.6.2010;7,63
8.6.2010;7,63
9.6.2010;7,63
10.6.2010;7,63
11.6.2010;7,63
14.6.2010;7,63
15.6.2010;7,63
16.6.2010;7,63
18.6.2010;7,63
21.6.2010;7,63
22.6.2010;7,63
23.6.2010;7,13
24.6.2010;7,13
25.6.2010;7,13
28.6.2010;7,13
29.6.2010;7,13
30.6.2010;7,13
1.7.2010;7,13
2.7.2010;7,13
5.7.2010;7,13
6.7.2010;7,13
7.7.2010;7,13
8.7.2010;7,13
9.7.2010;7,13
12.7.2010;7,13
13.7.2010;7,13
14.7.2010;7,13
15.7.2010;7,13
16.7.2010;7,13
19.7.2010;7,13
20.7.2010;7,13
21.7.2010;7,13
22.7.2010;7,13
23.7.2010;7,13
26.7.2010;7,13
27.7.2010;7,13
28.7.2010;7,13
29.7.2010;7,13
30.7.2010;7,13
3.8.2010;7,13
4.8.2010;7,13
5.8.2010;7,13
6.8.2010;7,13
9.8.2010;7,13
10.8.2010;7,13
11.8.2010;7,13
12.8.2010;7,13
13.8.2010;7,13
16.8.2010;7,13
17.8.2010;7,13
18.8.2010;6,63
19.8.2010;6,13
20.8.2010;6,13
23.8.2010;6,13
24.8.2010;6,13
25.8.2010;6,13
26.8.2010;6,13
27.8.2010;6,13
30.8.2010;6,13
31.8.2010;6,13
1.9.2010;6,13
2.9.2010;6,13
3.9.2010;6,13
6.9.2010;6,13
7.9.2010;6,13
8.9.2010;6,13
9.9.2010;6,13
10.9.2010;6,13
13.9.2010;6,13
14.9.2010;6,13
15.9.2010;6,13
16.9.2010;6,13
17.9.2010;6,13
20.9.2010;6,13
21.9.2010;6,13
22.9.2010;5,38
23.9.2010;5,38
24.9.2010;5,38
27.9.2010;5,38
28.9.2010;5,38
29.9.2010;5,38
30.9.2010;5,38
1.10.2010;5,38
4.10.2010;5,38
5.10.2010;5,38
6.10.2010;5,38
7.10.2010;5,38
8.10.2010;5,38
11.10.2010;5,38
12.10.2010;5,38
13.10.2010;5,38
14.10.2010;5,38
15.10.2010;5,38
18.10.2010;5,38
19.10.2010;5,38
20.10.2010;5,38
21.10.2010;5,38
22.10.2010;5,38
25.10.2010;5,38
26.10.2010;5,38
27.10.2010;5,38
28.10.2010;5,38
29.10.2010;5,38
1.11.2010;5,38
2.11.2010;5,38
3.11.2010;4,63
4.11.2010;4,63
5.11.2010;4,63
8.11.2010;4,63
9.11.2010;4,63
10.11.2010;4,63
11.11.2010;4,63
12.11.2010;4,63
15.11.2010;4,63
16.11.2010;4,63
17.11.2010;4,63
18.11.2010;4,63
19.11.2010;4,63
22.11.2010;4,63
23.11.2010;4,63
24.11.2010;4,63
25.11.2010;4,63
26.11.2010;4,63
29.11.2010;4,63
30.11.2010;4,63
1.12.2010;4,63
2.12.2010;4,63
3.12.2010;4,63
6.12.2010;4,63
7.12.2010;4,63
8.12.2010;3,88
9.12.2010;3,88
10.12.2010;3,88
13.12.2010;3,88
14.12.2010;3,88
15.12.2010;3,88
16.12.2010;3,88
17.12.2010;3,88
20.12.2010;3,88
21.12.2010;3,88
22.12.2010;3,88
23.12.2010;3,88
27.12.2010;3,88
28.12.2010;3,88
29.12.2010;3,88
30.12.2010;3,88
31.12.2010;3,88
3.1.2011;3,88
4.1.2011;3,88
5.1.2011;3,88
6.1.2011;3,88
7.1.2011;3,88
10.1.2011;3,88
11.1.2011;3,88
12.1.2011;3,88
13.1.2011;3,88
14.1.2011;3,88
17.1.2011;3,88
18.1.2011;3,88
19.1.2011;3,88
20.1.2011;3,88
21.1.2011;3,88
24.1.2011;3,88
25.1.2011;3,88
26.1.2011;3,88
27.1.2011;3,88
28.1.2011;3,88
31.1.2011;3,88
1.2.2011;3,88
2.2.2011;3,63
3.2.2011;3,63
4.2.2011;3,63
7.2.2011;3,63
8.2.2011;3,63
9.2.2011;3,63
10.2.2011;3,63
11.2.2011;3,63
14.2.2011;3,63
15.2.2011;3,63
16.2.2011;3,63
17.2.2011;3,63
18.2.2011;3,63
21.2.2011;3,63
22.2.2011;3,63
23.2.2011;3,63
24.2.2011;3,63
25.2.2011;3,63
28.2.2011;3,63
1.3.2011;3,63
2.3.2011;3,63
3.3.2011;3,63
4.3.2011;3,63
7.3.2011;3,63
8.3.2011;3,63
9.3.2011;3,63
10.3.2011;3,63
11.3.2011;3,63
14.3.2011;3,63
15.3.2011;3,63
16.3.2011;3,63
17.3.2011;3,63
18.3.2011;3,63
21.3.2011;3,63
22.3.2011;3,63
23.3.2011;3,63
24.3.2011;3,63
25.3.2011;3,63
28.3.2011;3,63
29.3.2011;3,63
30.3.2011;3,63
31.3.2011;3,63
1.4.2011;3,63
4.4.2011;3,63
5.4.2011;3,63
6.4.2011;3,63
7.4.2011;3,63
8.4.2011;3,63
11.4.2011;3,63
12.4.2011;3,63
13.4.2011;3,63
14.4.2011;3,63
15.4.2011;3,63
18.4.2011;3,63
19.4.2011;3,63
20.4.2011;3,63
26.4.2011;3,63
27.4.2011;3,63
28.4.2011;3,63
29.4.2011;3,63
2.5.2011;3,63
3.5.2011;3,63
4.5.2011;3,63
5.5.2011;3,63
6.5.2011;3,63
9.5.2011;3,63
10.5.2011;3,63
11.5.2011;3,63
12.5.2011;3,63
13.5.2011;3,63
16.5.2011;3,63
17.5.2011;3,63
18.5.2011;3,63
19.5.2011;3,63
20.5.2011;3,63
23.5.2011;3,63
24.5.2011;3,63
25.5.2011;3,63
26.5.2011;3,63
27.5.2011;3,63
30.5.2011;3,63
31.5.2011;3,63
1.6.2011;3,63
3.6.2011;3,63
6.6.2011;3,63
7.6.2011;3,63
8.6.2011;3,63
9.6.2011;3,63
10.6.2011;3,63
14.6.2011;3,63
15.6.2011;3,63
16.6.2011;3,63
20.6.2011;3,63
21.6.2011;3,63
22.6.2011;3,63
23.6.2011;3,63
24.6.2011;3,63
27.6.2011;3,63
28.6.2011;3,63
29.6.2011;3,63
30.6.2011;3,63
1.7.2011;3,63
4.7.2011;3,63
5.7.2011;3,63
6.7.2011;3,63
7.7.2011;3,63
8.7.2011;3,63
11.7.2011;3,63
12.7.2011;3,63
13.7.2011;3,63
14.7.2011;3,63
15.7.2011;3,63
18.7.2011;3,63
19.7.2011;3,63
20.7.2011;3,63
21.7.2011;3,63
22.7.2011;3,63
25.7.2011;3,63
26.7.2011;3,63
27.7.2011;3,63
28.7.2011;3,63
29.7.2011;3,63
2.8.2011;3,63
3.8.2011;3,63
4.8.2011;3,63
5.8.2011;3,63
8.8.2011;3,63
9.8.2011;3,63
10.8.2011;3,63
11.8.2011;3,63
12.8.2011;3,63
15.8.2011;3,63
16.8.2011;3,63
17.8.2011;3,88
18.8.2011;3,88
19.8.2011;3,88
22.8.2011;3,88
23.8.2011;3,88
24.8.2011;3,88
25.8.2011;3,88
26.8.2011;3,88
29.8.2011;3,88
30.8.2011;3,88
31.8.2011;3,88
1.9.2011;3,88
2.9.2011;3,88
5.9.2011;3,88
6.9.2011;3,88
7.9.2011;3,88
8.9.2011;3,88
9.9.2011;3,88
12.9.2011;3,88
13.9.2011;3,88
14.9.2011;3,88
15.9.2011;3,88
16.9.2011;3,88
19.9.2011;3,88
20.9.2011;3,88
21.9.2011;3,88
22.9.2011;3,88
23.9.2011;3,88
26.9.2011;3,88
27.9.2011;3,88
28.9.2011;3,88
29.9.2011;3,88
30.9.2011;3,88
3.10.2011;3,88
4.10.2011;3,88
5.10.2011;3,88
6.10.2011;3,88
7.10.2011;3,88
10.10.2011;3,88
11.10.2011;3,88
12.10.2011;3,88
13.10.2011;3,88
14.10.2011;3,88
17.10.2011;3,88
18.10.2011;3,88
19.10.2011;3,88
20.10.2011;3,88
21.10.2011;3,88
24.10.2011;3,88
25.10.2011;3,88
26.10.2011;3,88
27.10.2011;3,88
28.10.2011;3,88
31.10.2011;3,88
1.11.2011;3,88
2.11.2011;4,13
3.11.2011;4,13
4.11.2011;4,13
7.11.2011;4,13
8.11.2011;4,13
9.11.2011;4,13
10.11.2011;4,13
11.11.2011;4,13
14.11.2011;4,13
15.11.2011;4,13
16.11.2011;4,13
17.11.2011;4,13
18.11.2011;4,13
21.11.2011;4,13
22.11.2011;4,13
23.11.2011;4,13
24.11.2011;4,13
25.11.2011;4,13
28.11.2011;4,13
29.11.2011;4,13
30.11.2011;4,13
1.12.2011;4,13
2.12.2011;4,13
5.12.2011;4,13
6.12.2011;4,13
7.12.2011;4,13
8.12.2011;4,13
9.12.2011;4,13
12.12.2011;4,13
13.12.2011;4,13
14.12.2011;4,13
15.12.2011;4,13
16.12.2011;4,13
19.12.2011;4,13
20.12.2011;4,13
21.12.2011;4,13
22.12.2011;4,13
23.12.2011;4,13
27.12.2011;4,13
28.12.2011;4,13
29.12.2011;4,13
30.12.2011;4,13
2.1.2012;4,13
3.1.2012;4,13
4.1.2012;4,13
5.1.2012;4,13
6.1.2012;4,13
9.1.2012;4,13
10.1.2012;4,13
11.1.2012;4,13
12.1.2012;4,13
13.1.2012;4,13
16.1.2012;4,13
17.1.2012;4,13
18.1.2012;4,13
19.1.2012;4,13
20.1.2012;4,13
23.1.2012;4,13
24.1.2012;4,13
25.1.2012;4,13
26.1.2012;4,13
27.1.2012;4,13
30.1.2012;4,13
31.1.2012;4,13
1.2.2012;4,13
2.2.2012;4,13
3.2.2012;4,13
6.2.2012;4,13
7.2.2012;4,13
8.2.2012;4,13
9.2.2012;4,13
10.2.2012;4,13
13.2.2012;4,13
14.2.2012;4,13
15.2.2012;4,13
16.2.2012;4,13
17.2.2012;4,13
20.2.2012;4,13
21.2.2012;4,13
22.2.2012;4,13
23.2.2012;4,13
24.2.2012;4,13
27.2.2012;4,13
28.2.2012;4,13
29.2.2012;4,13
1.3.2012;4,13
2.3.2012;4,13
5.3.2012;4,13
6.3.2012;4,13
7.3.2012;4,13
8.3.2012;4,13
9.3.2012;4,13
12.3.2012;4,13
13.3.2012;4,13
14.3.2012;4,13
15.3.2012;4,13
16.3.2012;4,13
19.3.2012;4,13
20.3.2012;4,13
21.3.2012;4,38
22.3.2012;4,38
23.3.2012;4,38
26.3.2012;4,38
27.3.2012;4,38
28.3.2012;4,38
29.3.2012;4,38
30.3.2012;4,38
2.4.2012;4,38
3.4.2012;4,38
4.4.2012;4,38
10.4.2012;4,38
11.4.2012;4,38
12.4.2012;4,38
13.4.2012;4,38
16.4.2012;4,38
17.4.2012;4,38
18.4.2012;4,38
20.4.2012;4,38
23.4.2012;4,38
24.4.2012;4,38
25.4.2012;4,38
26.4.2012;4,38
27.4.2012;4,38
30.4.2012;4,38
2.5.2012;4,38
3.5.2012;4,38
4.5.2012;4,38
7.5.2012;4,38
8.5.2012;4,38
9.5.2012;4,38
10.5.2012;4,38
11.5.2012;4,38
14.5.2012;4,38
15.5.2012;4,38
16.5.2012;4,88
18.5.2012;4,88
21.5.2012;4,88
22.5.2012;4,88
23.5.2012;4,88
24.5.2012;4,88
25.5.2012;4,88
29.5.2012;4,88
30.5.2012;4,88
31.5.2012;4,88
1.6.2012;4,88
4.6.2012;4,88
5.6.2012;4,88
6.6.2012;4,88
7.6.2012;4,88
8.6.2012;4,88
11.6.2012;4,88
12.6.2012;4,88
13.6.2012;5,13
14.6.2012;5,13
15.6.2012;5,13
18.6.2012;5,13
19.6.2012;5,13
20.6.2012;5,13
21.6.2012;5,13
22.6.2012;5,13
25.6.2012;5,13
26.6.2012;5,13
27.6.2012;5,13
28.6.2012;5,13
29.6.2012;5,13
2.7.2012;5,13
3.7.2012;5,13
4.7.2012;5,13
5.7.2012;5,13
6.7.2012;5,13
9.7.2012;5,13
10.7.2012;5,13
11.7.2012;5,13
12.7.2012;5,13
13.7.2012;5,13
16.7.2012;5,13
17.7.2012;5,13
18.7.2012;5,13
19.7.2012;5,13
20.7.2012;5,13
23.7.2012;5,13
24.7.2012;5,13
25.7.2012;5,13
26.7.2012;5,13
27.7.2012;5,13
30.7.2012;5,13
31.7.2012;5,13
1.8.2012;5,13
2.8.2012;5,13
3.8.2012;5,13
7.8.2012;5,13
8.8.2012;5,13
9.8.2012;5,13
10.8.2012;5,13
13.8.2012;5,13
14.8.2012;5,13
15.8.2012;5,13
16.8.2012;5,13
17.8.2012;5,13
20.8.2012;5,13
21.8.2012;5,13
22.8.2012;5,13
23.8.2012;5,13
24.8.2012;5,13
27.8.2012;5,13
28.8.2012;5,13
29.8.2012;5,13
30.8.2012;5,13
31.8.2012;5,13
3.9.2012;5,13
4.9.2012;5,13
5.9.2012;5,13
6.9.2012;5,13
7.9.2012;5,13
10.9.2012;5,13
11.9.2012;5,13
12.9.2012;5,13
13.9.2012;5,13
14.9.2012;5,13
17.9.2012;5,13
18.9.2012;5,13
19.9.2012;5,13
20.9.2012;5,13
21.9.2012;5,13
24.9.2012;5,13
25.9.2012;5,13
26.9.2012;5,13
27.9.2012;5,13
28.9.2012;5,13
1.10.2012;5,13
2.10.2012;5,13
3.10.2012;5,13
4.10.2012;5,13
5.10.2012;5,13
8.10.2012;5,13
9.10.2012;5,13
10.10.2012;5,13
11.10.2012;5,13
12.10.2012;5,13
15.10.2012;5,13
16.10.2012;5,13
17.10.2012;5,13
18.10.2012;5,13
19.10.2012;5,13
22.10.2012;5,13
23.10.2012;5,13
24.10.2012;5,13
25.10.2012;5,13
26.10.2012;5,13
29.10.2012;5,13
30.10.2012;5,13
31.10.2012;5,13
1.11.2012;5,13
2.11.2012;5,13
5.11.2012;5,13
6.11.2012;5,13
7.11.2012;5,13
8.11.2012;5,13
9.11.2012;5,13
12.11.2012;5,13
13.11.2012;5,13
14.11.2012;5,38
15.11.2012;5,38
16.11.2012;5,38
19.11.2012;5,38
20.11.2012;5,38
21.11.2012;5,38
22.11.2012;5,38
23.11.2012;5,38
26.11.2012;5,38
27.11.2012;5,38
28.11.2012;5,38
29.11.2012;5,38
30.11.2012;5,38
3.12.2012;5,38
4.12.2012;5,38
5.12.2012;5,38
6.12.2012;5,38
7.12.2012;5,38
10.12.2012;5,38
11.12.2012;5,38
12.12.2012;5,38
13.12.2012;5,38
14.12.2012;5,38
17.12.2012;5,38
18.12.2012;5,38
19.12.2012;5,38
20.12.2012;5,38
21.12.2012;5,38
27.12.2012;5,38
28.12.2012;5,38
31.12.2012;5,38
2.1.2013;5,38
3.1.2013;5,38
4.1.2013;5,38
7.1.2013;5,38
8.1.2013;5,38
9.1.2013;5,38
10.1.2013;5,38
11.1.2013;5,38
14.1.2013;5,38
15.1.2013;5,38
16.1.2013;5,38
17.1.2013;5,38
18.1.2013;5,38
21.1.2013;5,38
22.1.2013;5,38
23.1.2013;5,38
24.1.2013;5,38
25.1.2013;5,38
28.1.2013;5,38
29.1.2013;5,38
30.1.2013;5,38
31.1.2013;5,38
1.2.2013;5,38
4.2.2013;5,38
5.2.2013;5,38
6.2.2013;5,38
7.2.2013;5,38
8.2.2013;5,38
11.2.2013;5,38
12.2.2013;5,38
13.2.2013;5,38
14.2.2013;5,38
15.2.2013;5,38
18.2.2013;5,38
19.2.2013;5,38
20.2.2013;5,38
21.2.2013;5,38
22.2.2013;5,38
25.2.2013;5,38
26.2.2013;5,38
27.2.2013;5,38
28.2.2013;5,38
1.3.2013;5,38
4.3.2013;5,38
5.3.2013;5,38
6.3.2013;5,38
7.3.2013;5,38
8.3.2013;5,38
11.3.2013;5,38
12.3.2013;5,38
13.3.2013;5,38
14.3.2013;5,38
15.3.2013;5,38
18.3.2013;5,38
19.3.2013;5,38
20.3.2013;5,38
21.3.2013;5,38
22.3.2013;5,38
25.3.2013;5,38
26.3.2013;5,38
27.3.2013;5,38
2.4.2013;5,38
3.4.2013;5,38
4.4.2013;5,38
5.4.2013;5,38
8.4.2013;5,38
9.4.2013;5,38
10.4.2013;5,38
11.4.2013;5,38
12.4.2013;5,38
15.4.2013;5,38
16.4.2013;5,38
17.4.2013;5,38
18.4.2013;5,38
19.4.2013;5,38
22.4.2013;5,38
23.4.2013;5,38
24.4.2013;5,38
26.4.2013;5,38
29.4.2013;5,38
30.4.2013;5,38
2.5.2013;5,38
3.5.2013;5,38
6.5.2013;5,38
7.5.2013;5,38
8.5.2013;5,38
10.5.2013;5,38
13.5.2013;5,38
14.5.2013;5,38
15.5.2013;5,38
16.5.2013;5,38
17.5.2013;5,38
21.5.2013;5,38
22.5.2013;5,38
23.5.2013;5,38
24.5.2013;5,38
27.5.2013;5,38
28.5.2013;5,38
29.5.2013;5,38
30.5.2013;5,38
31.5.2013;5,38
3.6.2013;5,38
4.6.2013;5,38
5.6.2013;5,38
6.6.2013;5,38
7.6.2013;5,38
10.6.2013;5,38
11.6.2013;5,38
12.6.2013;5,38
13.6.2013;5,38
14.6.2013;5,38
18.6.2013;5,38
19.6.2013;5,38
20.6.2013;5,38
21.6.2013;5,38
24.6.2013;5,38
25.6.2013;5,38
26.6.2013;5,38
27.6.2013;5,38
28.6.2013;5,38
1.7.2013;5,38
2.7.2013;5,38
3.7.2013;5,38
4.7.2013;5,38
5.7.2013;5,38
8.7.2013;5,38
9.7.2013;5,38
10.7.2013;5,38
11.7.2013;5,38
12.7.2013;5,38
15.7.2013;5,38
16.7.2013;5,38
17.7.2013;5,38
18.7.2013;5,38
19.7.2013;5,38
22.7.2013;5,38
23.7.2013;5,38
24.7.2013;5,38
25.7.2013;5,38
26.7.2013;5,38
29.7.2013;5,38
30.7.2013;5,38
31.7.2013;5,38
1.8.2013;5,38
2.8.2013;5,38
6.8.2013;5,38
7.8.2013;5,38
8.8.2013;5,38
9.8.2013;5,38
12.8.2013;5,38
13.8.2013;5,38
14.8.2013;5,38
15.8.2013;5,38
16.8.2013;5,38
19.8.2013;5,38
20.8.2013;5,38
21.8.2013;5,38
22.8.2013;5,38
23.8.2013;5,38
26.8.2013;5,38
27.8.2013;5,38
28.8.2013;5,38
29.8.2013;5,38
30.8.2013;5,38
2.9.2013;5,38
3.9.2013;5,38
4.9.2013;5,38
5.9.2013;5,38
6.9.2013;5,38
9.9.2013;5,38
10.9.2013;5,38
11.9.2013;5,38
12.9.2013;5,38
13.9.2013;5,38
16.9.2013;5,38
17.9.2013;5,38
18.9.2013;5,38
19.9.2013;5,38
20.9.2013;5,38
23.9.2013;5,38
24.9.2013;5,38
25.9.2013;5,38
26.9.2013;5,38
27.9.2013;5,38
30.9.2013;5,38
1.10.2013;5,38
2.10.2013;5,38
3.10.2013;5,38
4.10.2013;5,38
7.10.2013;5,38
8.10.2013;5,38
9.10.2013;5,38
10.10.2013;5,38
11.10.2013;5,38
14.10.2013;5,38
15.10.2013;5,38
16.10.2013;5,38
17.10.2013;5,38
18.10.2013;5,38
21.10.2013;5,38
22.10.2013;5,38
23.10.2013;5,38
24.10.2013;5,38
25.10.2013;5,38
28.10.2013;5,38
29.10.2013;5,38
30.10.2013;5,38
31.10.2013;5,38
1.11.2013;5,38
4.11.2013;5,38
5.11.2013;5,38
6.11.2013;5,38
7.11.2013;5,38
8.11.2013;5,38
11.11.2013;5,38
12.11.2013;5,38
13.11.2013;5,38
14.11.2013;5,38
15.11.2013;5,38
18.11.2013;5,38
19.11.2013;5,38
20.11.2013;5,38
21.11.2013;5,38
22.11.2013;5,38
25.11.2013;5,38
26.11.2013;5,38
27.11.2013;5,38
28.11.2013;5,38
29.11.2013;5,38
2.12.2013;5,38
3.12.2013;5,38
4.12.2013;5,38
5.12.2013;5,38
6.12.2013;5,38
9.12.2013;5,38
10.12.2013;5,38
11.12.2013;5,38
12.12.2013;5,38
13.12.2013;5,38
16.12.2013;5,38
17.12.2013;5,38
18.12.2013;5,38
19.12.2013;5,38
20.12.2013;5,38
23.12.2013;5,38
24.12.2013;5,38
27.12.2013;5,38
30.12.2013;5,38
31.12.2013;5,38
2.1.2014;5,38
3.1.2014;5,38
6.1.2014;5,38
7.1.2014;5,38
8.1.2014;5,38
9.1.2014;5,38
10.1.2014;5,38
13.1.2014;5,38
14.1.2014;5,38
15.1.2014;5,38
16.1.2014;5,38
17.1.2014;5,38
20.1.2014;5,38
21.1.2014;5,38
22.1.2014;5,38
23.1.2014;5,38
24.1.2014;5,38
27.1.2014;5,38
28.1.2014;5,38
29.1.2014;5,38
30.1.2014;5,38
31.1.2014;5,38
3.2.2014;5,38
4.2.2014;5,38
5.2.2014;5,38
6.2.2014;5,38
7.2.2014;5,38
10.2.2014;5,38
11.2.2014;5,38
12.2.2014;5,38
13.2.2014;5,38
14.2.2014;5,38
17.2.2014;5,38
18.2.2014;5,38
19.2.2014;5,38
20.2.2014;5,38
21.2.2014;5,38
24.2.2014;5,38
25.2.2014;5,38
26.2.2014;5,38
27.2.2014;5,38
28.2.2014;5,38
3.3.2014;5,38
4.3.2014;5,38
5.3.2014;5,38
6.3.2014;5,38
7.3.2014;5,38
10.3.2014;5,38
11.3.2014;5,38
12.3.2014;5,38
13.3.2014;5,38
14.3.2014;5,38
17.3.2014;5,38
18.3.2014;5,38
19.3.2014;5,38
20.3.2014;5,38
21.3.2014;5,38
24.3.2014;5,38
25.3.2014;5,38
26.3.2014;5,38
27.3.2014;5,38
28.3.2014;5,38
31.3.2014;5,38
1.4.2014;5,38
2.4.2014;5,38
3.4.2014;5,38
4.4.2014;5,38
7.4.2014;5,38
8.4.2014;5,38
9.4.2014;5,38
10.4.2014;5,38
11.4.2014;5,38
14.4.2014;5,38
15.4.2014;5,38
16.4.2014;5,38
22.4.2014;5,38
23.4.2014;5,38
25.4.2014;5,38
28.4.2014;5,38
29.4.2014;5,38
30.4.2014;5,38
2.5.2014;5,38
5.5.2014;5,38
6.5.2014;5,38
7.5.2014;5,38
8.5.2014;5,38
9.5.2014;5,38
12.5.2014;5,38
13.5.2014;5,38
14.5.2014;5,38
15.5.2014;5,38
16.5.2014;5,38
19.5.2014;5,38
20.5.2014;5,38
21.5.2014;5,25
22.5.2014;5,25
23.5.2014;5,25
26.5.2014;5,25
27.5.2014;5,25
28.5.2014;5,25
30.5.2014;5,25
2.6.2014;5,25
3.6.2014;5,25
4.6.2014;5,25
5.6.2014;5,25
6.6.2014;5,25
10.6.2014;5,25
11.6.2014;5,25
12.6.2014;5,25
13.6.2014;5,25
16.6.2014;5,25
18.6.2014;5,25
19.6.2014;5,25
20.6.2014;5,25
23.6.2014;5,25
24.6.2014;5,25
25.6.2014;5,25
26.6.2014;5,25
27.6.2014;5,25
30.6.2014;5,25
1.7.2014;5,25
2.7.2014;5,25
3.7.2014;5,25
4.7.2014;5,25
7.7.2014;5,25
8.7.2014;5,25
9.7.2014;5,25
10.7.2014;5,25
11.7.2014;5,25
14.7.2014;5,25
15.7.2014;5,25
16.7.2014;5,25
17.7.2014;5,25
18.7.2014;5,25
21.7.2014;5,25
22.7.2014;5,25
23.7.2014;5,25
24.7.2014;5,25
25.7.2014;5,25
28.7.2014;5,25
29.7.2014;5,25
30.7.2014;5,25
31.7.2014;5,25
1.8.2014;5,25
5.8.2014;5,25
6.8.2014;5,25
7.8.2014;5,25
8.8.2014;5,25
11.8.2014;5,25
12.8.2014;5,25
13.8.2014;5,25
14.8.2014;5,25
15.8.2014;5,25
18.8.2014;5,25
19.8.2014;5,25
20.8.2014;5,25
21.8.2014;5,25
22.8.2014;5,25
25.8.2014;5,25
26.8.2014;5,25
27.8.2014;5,25
28.8.2014;5,25
29.8.2014;5,25
1.9.2014;5,25
2.9.2014;5,25
3.9.2014;5,25
4.9.2014;5,25
5.9.2014;5,25
8.9.2014;5,25
9.9.2014;5,25
10.9.2014;5,25
11.9.2014;5,25
12.9.2014;5,25
15.9.2014;5,25
16.9.2014;5,25
17.9.2014;5,25
18.9.2014;5,25
19.9.2014;5,25
22.9.2014;5,25
23.9.2014;5,25
24.9.2014;5,25
25.9.2014;5,25
26.9.2014;5,25
29.9.2014;5,25
30.9.2014;5,25
1.10.2014;5,25
2.10.2014;5,25
3.10.2014;5,25
6.10.2014;5,25
7.10.2014;5,25
8.10.2014;5,25
9.10.2014;5,25
10.10.2014;5,25
13.10.2014;5,25
14.10.2014;5,25
15.10.2014;5,25
16.10.2014;5,25
17.10.2014;5,25
20.10.2014;5,25
21.10.2014;5,25
22.10.2014;5,25
23.10.2014;5,25
24.10.2014;5,25
27.10.2014;5,25
28.10.2014;5,25
29.10.2014;5,25
30.10.2014;5,25
31.10.2014;5,25
3.11.2014;5,25
4.11.2014;5,25
5.11.2014;5
6.11.2014;5
7.11.2014;5
10.11.2014;5
11.11.2014;5
12.11.2014;5
13.11.2014;5
14.11.2014;5
17.11.2014;5
18.11.2014;5
19.11.2014;5
20.11.2014;5
21.11.2014;5
24.11.2014;5
25.11.2014;5
26.11.2014;5
27.11.2014;5
28.11.2014;5
1.12.2014;5
2.12.2014;5
3.12.2014;5
4.12.2014;5
5.12.2014;5
8.12.2014;5
9.12.2014;5
10.12.2014;4,5
11.12.2014;4,5
12.12.2014;4,5
15.12.2014;4,5
16.12.2014;4,5
17.12.2014;4,5
18.12.2014;4,5
19.12.2014;4,5
22.12.2014;4,5
23.12.2014;4,5
29.12.2014;4,5
30.12.2014;4,5
31.12.2014;4,5
2.1.2015;4,5
5.1.2015;4,5
6.1.2015;4,5
7.1.2015;4,5
8.1.2015;4,5
9.1.2015;4,5
12.1.2015;4,5
13.1.2015;4,5
14.1.2015;4,5
15.1.2015;4,5
16.1.2015;4,5
19.1.2015;4,5
20.1.2015;4,5
21.1.2015;4,5
22.1.2015;4,5
23.1.2015;4,5
26.1.2015;4,5
27.1.2015;4,5
28.1.2015;4,5
29.1.2015;4,5
30.1.2015;4,5
2.2.2015;4,5
3.2.2015;4,5
4.2.2015;4,5
5.2.2015;4,5
6.2.2015;4,5
9.2.2015;4,5
10.2.2015;4,5
11.2.2015;4,5
12.2.2015;4,5
13.2.2015;4,5
16.2.2015;4,5
17.2.2015;4,5
18.2.2015;4,5
19.2.2015;4,5
20.2.2015;4,5
23.2.2015;4,5
24.2.2015;4,5
25.2.2015;4,5
26.2.2015;4,5
27.2.2015;4,5
2.3.2015;4,5
3.3.2015;4,5
4.3.2015;4,5
5.3.2015;4,5
6.3.2015;4,5
9.3.2015;4,5
10.3.2015;4,5
11.3.2015;4,5
12.3.2015;4,5
13.3.2015;4,5
16.3.2015;4,5
17.3.2015;4,5
18.3.2015;4,5
19.3.2015;4,5
20.3.2015;4,5
23.3.2015;4,5
24.3.2015;4,5
25.3.2015;4,5
26.3.2015;4,5
27.3.2015;4,5
30.3.2015;4,5
31.3.2015;4,5
1.4.2015;4,5
7.4.2015;4,5
8.4.2015;4,5
9.4.2015;4,5
10.4.2015;4,5
13.4.2015;4,5
14.4.2015;4,5
15.4.2015;4,5
16.4.2015;4,5
17.4.2015;4,5
20.4.2015;4,5
21.4.2015;4,5
22.4.2015;4,5
24.4.2015;4,5
27.4.2015;4,5
28.4.2015;4,5
29.4.2015;4,5
30.4.2015;4,5
4.5.2015;4,5
5.5.2015;4,5
6.5.2015;4,5
7.5.2015;4,5
8.5.2015;4,5
11.5.2015;4,5
12.5.2015;4,5
13.5.2015;4,5
15.5.2015;4,5
18.5.2015;4,5
19.5.2015;4,5
20.5.2015;4,5
21.5.2015;4,5
22.5.2015;4,5
26.5.2015;4,5
27.5.2015;4,5
28.5.2015;4,5
29.5.2015;4,5
1.6.2015;4,5
2.6.2015;4,5
3.6.2015;4,5
4.6.2015;4,5
5.6.2015;4,5
8.6.2015;4,5
9.6.2015;4,5
10.6.2015;5
11.6.2015;5
12.6.2015;5
15.6.2015;5
16.6.2015;5
18.6.2015;5
19.6.2015;5
22.6.2015;5
23.6.2015;5
24.6.2015;5
25.6.2015;5
26.6.2015;5
29.6.2015;5
30.6.2015;5
1.7.2015;5
2.7.2015;5
3.7.2015;5
6.7.2015;5
7.7.2015;5
8.7.2015;5
9.7.2015;5
10.7.2015;5
13.7.2015;5
14.7.2015;5
15.7.2015;5
16.7.2015;5
17.7.2015;5
20.7.2015;5
21.7.2015;5
22.7.2015;5
23.7.2015;5
24.7.2015;5
27.7.2015;5
28.7.2015;5
29.7.2015;5
30.7.2015;5
31.7.2015;5
4.8.2015;5
5.8.2015;5
6.8.2015;5
7.8.2015;5
10.8.2015;5
11.8.2015;5
12.8.2015;5
13.8.2015;5
14.8.2015;5
17.8.2015;5
18.8.2015;5
19.8.2015;5,5
20.8.2015;5,5
21.8.2015;5,5
24.8.2015;5,5
25.8.2015;5,5
26.8.2015;5,5
27.8.2015;5,5
28.8.2015;5,5
31.8.2015;5,5
1.9.2015;5,5
2.9.2015;5,5
3.9.2015;5,5
4.9.2015;5,5
7.9.2015;5,5
8.9.2015;5,5
9.9.2015;5,5
10.9.2015;5,5
11.9.2015;5,5
14.9.2015;5,5
15.9.2015;5,5
16.9.2015;5,5
17.9.2015;5,5
18.9.2015;5,5
21.9.2015;5,5
22.9.2015;5,5
23.9.2015;5,5
24.9.2015;5,5
25.9.2015;5,5
28.9.2015;5,5
29.9.2015;5,5
30.9.2015;5,5
1.10.2015;5,5
2.10.2015;5,5
5.10.2015;5,5
6.10.2015;5,5
7.10.2015;5,5
8.10.2015;5,5
9.10.2015;5,5
12.10.2015;5,5
13.10.2015;5,5
14.10.2015;5,5
15.10.2015;5,5
16.10.2015;5,5
19.10.2015;5,5
20.10.2015;5,5
21.10.2015;5,5
22.10.2015;5,5
23.10.2015;5,5
26.10.2015;5,5
27.10.2015;5,5
28.10.2015;5,5
29.10.2015;5,5
30.10.2015;5,5
2.11.2015;5,5
3.11.2015;5,5
4.11.2015;5,75
5.11.2015;5,75
6.11.2015;5,75
9.11.2015;5,75
10.11.2015;5,75
11.11.2015;5,75
12.11.2015;5,75
13.11.2015;5,75
16.11.2015;5,75
17.11.2015;5,75
18.11.2015;5,75
19.11.2015;5,75
20.11.2015;5,75
23.11.2015;5,75
24.11.2015;5,75
25.11.2015;5,75
26.11.2015;5,75
27.11.2015;5,75
30.11.2015;5,75
1.12.2015;5,75
2.12.2015;5,75
3.12.2015;5,75
4.12.2015;5,75
7.12.2015;5,75
8.12.2015;5,75
9.12.2015;5,75
10.12.2015;5,75
11.12.2015;5,75
14.12.2015;5,75
15.12.2015;5,75
16.12.2015;5,75
17.12.2015;5,75
18.12.2015;5,75
21.12.2015;5,75
22.12.2015;5,75
23.12.2015;5,75
28.12.2015;5,75
29.12.2015;5,75
30.12.2015;5,75
31.12.2015;5,75
1.1.2016;5,75
4.1.2016;5,75
5.1.2016;5,75
6.1.2016;5,75
7.1.2016;5,75
8.1.2016;5,75
11.1.2016;5,75
12.1.2016;5,75
13.1.2016;5,75
14.1.2016;5,75
15.1.2016;5,75
18.1.2016;5,75
19.1.2016;5,75
20.1.2016;5,75
21.1.2016;5,75
22.1.2016;5,75
25.1.2016;5,75
26.1.2016;5,75
27.1.2016;5,75
28.1.2016;5,75
29.1.2016;5,75
1.2.2016;5,75
2.2.2016;5,75
3.2.2016;5,75
4.2.2016;5,75
5.2.2016;5,75
8.2.2016;5,75
9.2.2016;5,75
10.2.2016;5,75
11.2.2016;5,75
12.2.2016;5,75
15.2.2016;5,75
16.2.2016;5,75
17.2.2016;5,75
18.2.2016;5,75
19.2.2016;5,75
22.2.2016;5,75
23.2.2016;5,75
24.2.2016;5,75
25.2.2016;5,75
26.2.2016;5,75
29.2.2016;5,75
1.3.2016;5,75
2.3.2016;5,75
3.3.2016;5,75
4.3.2016;5,75
7.3.2016;5,75
8.3.2016;5,75
9.3.2016;5,75
10.3.2016;5,75
11.3.2016;5,75
14.3.2016;5,75
15.3.2016;5,75
16.3.2016;5,75
17.3.2016;5,75
18.3.2016;5,75
21.3.2016;5,75
22.3.2016;5,75
23.3.2016;5,75
29.3.2016;5,75
30.3.2016;5,75
31.3.2016;5,75
1.4.2016;5,75
4.4.2016;5,75
5.4.2016;5,75
6.4.2016;5,75
7.4.2016;5,75
8.4.2016;5,75
11.4.2016;5,75
12.4.2016;5,75
13.4.2016;5,75
14.4.2016;5,75
15.4.2016;5,75
18.4.2016;5,75
19.4.2016;5,75
20.4.2016;5,75
22.4.2016;5,75
25.4.2016;5,75
26.4.2016;5,75
27.4.2016;5,75
28.4.2016;5,75
29.4.2016;5,75
2.5.2016;5,75
3.5.2016;5,75
4.5.2016;5,75
6.5.2016;5,75
9.5.2016;5,75
10.5.2016;5,75
11.5.2016;5,75
12.5.2016;5,75
13.5.2016;5,75
17.5.2016;5,75
18.5.2016;5,75
19.5.2016;5,75
20.5.2016;5,75
23.5.2016;5,75
24.5.2016;5,75
25.5.2016;5,75
26.5.2016;5,75
27.5.2016;5,75
30.5.2016;5,75
31.5.2016;5,75
1.6.2016;5,75
2.6.2016;5,75
3.6.2016;5,75
6.6.2016;5,75
7.6.2016;5,75
8.6.2016;5,75
9.6.2016;5,75
10.6.2016;5,75
13.6.2016;5,75
14.6.2016;5,75
15.6.2016;5,75
16.6.2016;5,75
20.6.2016;5,75
21.6.2016;5,75
22.6.2016;5,75
23.6.2016;5,75
24.6.2016;5,75
27.6.2016;5,75
28.6.2016;5,75
29.6.2016;5,75
30.6.2016;5,75
1.7.2016;5,75
4.7.2016;5,75
5.7.2016;5,75
6.7.2016;5,75
7.7.2016;5,75
8.7.2016;5,75
11.7.2016;5,75
12.7.2016;5,75
13.7.2016;5,75
14.7.2016;5,75
15.7.2016;5,75
18.7.2016;5,75
19.7.2016;5,75
20.7.2016;5,75
21.7.2016;5,75
22.7.2016;5,75
25.7.2016;5,75
26.7.2016;5,75
27.7.2016;5,75
28.7.2016;5,75
29.7.2016;5,75
2.8.2016;5,75
3.8.2016;5,75
4.8.2016;5,75
5.8.2016;5,75
8.8.2016;5,75
9.8.2016;5,75
10.8.2016;5,75
11.8.2016;5,75
12.8.2016;5,75
15.8.2016;5,75
16.8.2016;5,75
17.8.2016;5,75
18.8.2016;5,75
19.8.2016;5,75
22.8.2016;5,75
23.8.2016;5,75
24.8.2016;5,25
25.8.2016;5,25
26.8.2016;5,25
29.8.2016;5,25
30.8.2016;5,25
31.8.2016;5,25
1.9.2016;5,25
2.9.2016;5,25
5.9.2016;5,25
6.9.2016;5,25
7.9.2016;5,25
8.9.2016;5,25
9.9.2016;5,25
12.9.2016;5,25
13.9.2016;5,25
14.9.2016;5,25
15.9.2016;5,25
16.9.2016;5,25
19.9.2016;5,25
20.9.2016;5,25
21.9.2016;5,25
22.9.2016;5,25
23.9.2016;5,25
26.9.2016;5,25
27.9.2016;5,25
28.9.2016;5,25
29.9.2016;5,25
30.9.2016;5,25
3.10.2016;5,25
4.10.2016;5,25
5.10.2016;5,25
6.10.2016;5,25
7.10.2016;5,25
10.10.2016;5,25
11.10.2016;5,25
12.10.2016;5,25
13.10.2016;5,25
14.10.2016;5,25
17.10.2016;5,25
18.10.2016;5,25
19.10.2016;5,25
20.10.2016;5,25
21.10.2016;5,25
24.10.2016;5,25
25.10.2016;5,25
26.10.2016;5,25
27.10.2016;5,25
28.10.2016;5,25
31.10.2016;5,25
1.11.2016;5,25
2.11.2016;5,25
3.11.2016;5,25
4.11.2016;5,25
7.11.2016;5,25
8.11.2016;5,25
9.11.2016;5,25
10.11.2016;5,25
11.11.2016;5,25
14.11.2016;5,25
15.11.2016;5,25
16.11.2016;5,25
17.11.2016;5,25
18.11.2016;5,25
21.11.2016;5,25
22.11.2016;5,25
23.11.2016;5,25
24.11.2016;5,25
25.11.2016;5,25
28.11.2016;5,25
29.11.2016;5,25
30.11.2016;5,25
1.12.2016;5,25
2.12.2016;5,25
5.12.2016;5,25
6.12.2016;5,25
7.12.2016;5,25
8.12.2016;5,25
9.12.2016;5,25
12.12.2016;5,25
13.12.2016;5,25
14.12.2016;5
15.12.2016;5
16.12.2016;5
19.12.2016;5
20.12.2016;5
21.12.2016;5
22.12.2016;5
23.12.2016;5
27.12.2016;5
28.12.2016;5
29.12.2016;5
30.12.2016;5
2.1.2017;5
3.1.2017;5
4.1.2017;5
5.1.2017;5
6.1.2017;5
9.1.2017;5
10.1.2017;5
11.1.2017;5
12.1.2017;5
13.1.2017;5
16.1.2017;5
17.1.2017;5
18.1.2017;5
19.1.2017;5
20.1.2017;5
23.1.2017;5
24.1.2017;5
25.1.2017;5
26.1.2017;5
27.1.2017;5
30.1.2017;5
31.1.2017;5
1.2.2017;5
2.2.2017;5
3.2.2017;5
6.2.2017;5
7.2.2017;5
8.2.2017;5
9.2.2017;5
10.2.2017;5
13.2.2017;5
14.2.2017;5
15.2.2017;5
16.2.2017;5
17.2.2017;5
20.2.2017;5
21.2.2017;5
22.2.2017;5
23.2.2017;5
24.2.2017;5
27.2.2017;5
28.2.2017;5
1.3.2017;5
2.3.2017;5
3.3.2017;5
6.3.2017;5
7.3.2017;5
8.3.2017;5
9.3.2017;5
10.3.2017;5
13.3.2017;5
14.3.2017;5
15.3.2017;5
16.3.2017;5
17.3.2017;5
20.3.2017;5
21.3.2017;5
22.3.2017;5
23.3.2017;5
24.3.2017;5
27.3.2017;5
28.3.2017;5
29.3.2017;5
30.3.2017;5
31.3.2017;5
3.4.2017;5
4.4.2017;5
5.4.2017;5
6.4.2017;5
7.4.2017;5
10.4.2017;5
11.4.2017;5
12.4.2017;5
18.4.2017;5
19.4.2017;5
21.4.2017;5
24.4.2017;5
25.4.2017;5
26.4.2017;5
27.4.2017;5
28.4.2017;5
2.5.2017;5
3.5.2017;5
4.5.2017;5
5.5.2017;5
8.5.2017;5
9.5.2017;5
10.5.2017;5
11.5.2017;5
12.5.2017;5
15.5.2017;5
16.5.2017;5
17.5.2017;4,75
18.5.2017;4,75
19.5.2017;4,75
22.5.2017;4,75
23.5.2017;4,75
24.5.2017;4,75
25.5.2017;4,75
26.5.2017;4,75
29.5.2017;4,75
30.5.2017;4,75
31.5.2017;4,75
1.6.2017;4,75
2.6.2017;4,75
6.6.2017;4,75
7.6.2017;4,75
8.6.2017;4,75
9.6.2017;4,75
12.6.2017;4,75
13.6.2017;4,75
14.6.2017;4,5
15.6.2017;4,5
16.6.2017;4,5
19.6.2017;4,5
20.6.2017;4,5
21.6.2017;4,5
22.6.2017;4,5
23.6.2017;4,5
26.6.2017;4,5
27.6.2017;4,5
28.6.2017;4,5
29.6.2017;4,5
30.6.2017;4,5
3.7.2017;4,5
4.7.2017;4,5
5.7.2017;4,5
6.7.2017;4,5
7.7.2017;4,5
10.7.2017;4,5
11.7.2017;4,5
12.7.2017;4,5
13.7.2017;4,5
14.7.2017;4,5
17.7.2017;4,5
18.7.2017;4,5
19.7.2017;4,5
20.7.2017;4,5
21.7.2017;4,5
24.7.2017;4,5
25.7.2017;4,5
26.7.2017;4,5
27.7.2017;4,5
28.7.2017;4,5
31.7.2017;4,5
1.8.2017;4,5
2.8.2017;4,5
3.8.2017;4,5
4.8.2017;4,5
8.8.2017;4,5
9.8.2017;4,5
10.8.2017;4,5
11.8.2017;4,5
14.8.2017;4,5
15.8.2017;4,5
16.8.2017;4,5
17.8.2017;4,5
18.8.2017;4,5
21.8.2017;4,5
22.8.2017;4,5
23.8.2017;4,5
24.8.2017;4,5
25.8.2017;4,5
28.8.2017;4,5
29.8.2017;4,5
30.8.2017;4,5
31.8.2017;4,5
1.9.2017;4,5
4.9.2017;4,5
5.9.2017;4,5
6.9.2017;4,5
7.9.2017;4,5
8.9.2017;4,5
11.9.2017;4,5
12.9.2017;4,5
13.9.2017;4,5
14.9.2017;4,5
15.9.2017;4,5
18.9.2017;4,5
19.9.2017;4,5
20.9.2017;4,5
21.9.2017;4,5
22.9.2017;4,5
25.9.2017;4,5
26.9.2017;4,5
27.9.2017;4,5
28.9.2017;4,5
29.9.2017;4,5
2.10.2017;4,5
3.10.2017;4,5
4.10.2017;4,25
5.10.2017;4,25
6.10.2017;4,25
9.10.2017;4,25
10.10.2017;4,25
11.10.2017;4,25
12.10.2017;4,25
13.10.2017;4,25
16.10.2017;4,25
17.10.2017;4,25
18.10.2017;4,25
19.10.2017;4,25
20.10.2017;4,25
23.10.2017;4,25
24.10.2017;4,25
25.10.2017;4,25
26.10.2017;4,25
27.10.2017;4,25
30.10.2017;4,25
31.10.2017;4,25
1.11.2017;4,25
2.11.2017;4,25
3.11.2017;4,25
6.11.2017;4,25
7.11.2017;4,25
8.11.2017;4,25
9.11.2017;4,25
10.11.2017;4,25
13.11.2017;4,25
14.11.2017;4,25
15.11.2017;4,25
16.11.2017;4,25
17.11.2017;4,25
20.11.2017;4,25
21.11.2017;4,25
22.11.2017;4,25
23.11.2017;4,25
24.11.2017;4,25
27.11.2017;4,25
28.11.2017;4,25
29.11.2017;4,25
30.11.2017;4,25
1.12.2017;4,25
4.12.2017;4,25
5.12.2017;4,25
6.12.2017;4,25
7.12.2017;4,25
8.12.2017;4,25
11.12.2017;4,25
12.12.2017;4,25
13.12.2017;4,25
14.12.2017;4,25
15.12.2017;4,25
18.12.2017;4,25
19.12.2017;4,25
20.12.2017;4,25
21.12.2017;4,25
22.12.2017;4,25
27.12.2017;4,25
28.12.2017;4,25
29.12.2017;4,25
1.1.2018;4,25
2.1.2018;4,25
3.1.2018;4,25
4.1.2018;4,25
5.1.2018;4,25
8.1.2018;4,25
9.1.2018;4,25
10.1.2018;4,25
11.1.2018;4,25
12.1.2018;4,25
15.1.2018;4,25
16.1.2018;4,25
17.1.2018;4,25
18.1.2018;4,25
19.1.2018;4,25
22.1.2018;4,25
23.1.2018;4,25
24.1.2018;4,25
25.1.2018;4,25
26.1.2018;4,25
29.1.2018;4,25
30.1.2018;4,25
31.1.2018;4,25
1.2.2018;4,25
2.2.2018;4,25
5.2.2018;4,25
6.2.2018;4,25
7.2.2018;4,25
8.2.2018;4,25
9.2.2018;4,25
12.2.2018;4,25
13.2.2018;4,25
14.2.2018;4,25
15.2.2018;4,25
16.2.2018;4,25
19.2.2018;4,25
20.2.2018;4,25
21.2.2018;4,25
22.2.2018;4,25
23.2.2018;4,25
26.2.2018;4,25
27.2.2018;4,25
28.2.2018;4,25
1.3.2018;4,25
2.3.2018;4,25
5.3.2018;4,25
6.3.2018;4,25
7.3.2018;4,25
8.3.2018;4,25
9.3.2018;4,25
12.3.2018;4,25
13.3.2018;4,25
14.3.2018;4,25
15.3.2018;4,25
16.3.2018;4,25
19.3.2018;4,25
20.3.2018;4,25
21.3.2018;4,25
22.3.2018;4,25
23.3.2018;4,25
26.3.2018;4,25
27.3.2018;4,25
28.3.2018;4,25
3.4.2018;4,25
4.4.2018;4,25
5.4.2018;4,25
6.4.2018;4,25
9.4.2018;4,25
10.4.2018;4,25
11.4.2018;4,25
12.4.2018;4,25
13.4.2018;4,25
16.4.2018;4,25
17.4.2018;4,25
18.4.2018;4,25
20.4.2018;4,25
23.4.2018;4,25
24.4.2018;4,25
25.4.2018;4,25
26.4.2018;4,25
27.4.2018;4,25
30.4.2018;4,25
2.5.2018;4,25
3.5.2018;4,25
4.5.2018;4,25
7.5.2018;4,25
8.5.2018;4,25
9.5.2018;4,25
11.5.2018;4,25
14.5.2018;4,25
15.5.2018;4,25
16.5.2018;4,25
17.5.2018;4,25
18.5.2018;4,25
22.5.2018;4,25
23.5.2018;4,25
24.5.2018;4,25
25.5.2018;4,25
28.5.2018;4,25
29.5.2018;4,25
30.5.2018;4,25
31.5.2018;4,25
1.6.2018;4,25
4.6.2018;4,25
5.6.2018;4,25
6.6.2018;4,25
7.6.2018;4,25
8.6.2018;4,25
11.6.2018;4,25
12.6.2018;4,25
13.6.2018;4,25
14.6.2018;4,25
15.6.2018;4,25
18.6.2018;4,25
19.6.2018;4,25
20.6.2018;4,25
21.6.2018;4,25
22.6.2018;4,25
25.6.2018;4,25
26.6.2018;4,25
27.6.2018;4,25
28.6.2018;4,25
29.6.2018;4,25
2.7.2018;4,25
3.7.2018;4,25
4.7.2018;4,25
5.7.2018;4,25
6.7.2018;4,25
9.7.2018;4,25
10.7.2018;4,25
11.7.2018;4,25
12.7.2018;4,25
13.7.2018;4,25
16.7.2018;4,25
17.7.2018;4,25
18.7.2018;4,25
19.7.2018;4,25
20.7.2018;4,25
23.7.2018;4,25
24.7.2018;4,25
25.7.2018;4,25
26.7.2018;4,25
27.7.2018;4,25
30.7.2018;4,25
31.7.2018;4,25
1.8.2018;4,25
2.8.2018;4,25
3.8.2018;4,25
7.8.2018;4,25
8.8.2018;4,25
9.8.2018;4,25
10.8.2018;4,25
13.8.2018;4,25
14.8.2018;4,25
15.8.2018;4,25
16.8.2018;4,25
17.8.2018;4,25
20.8.2018;4,25
21.8.2018;4,25
22.8.2018;4,25
23.8.2018;4,25
24.8.2018;4,25
27.8.2018;4,25
28.8.2018;4,25
29.8.2018;4,25
30.8.2018;4,25
31.8.2018;4,25
3.9.2018;4,25
4.9.2018;4,25
5.9.2018;4,25
6.9.2018;4,25
7.9.2018;4,25
10.9.2018;4,25
11.9.2018;4,25
12.9.2018;4,25
13.9.2018;4,25
14.9.2018;4,25
17.9.2018;4,25
18.9.2018;4,25
19.9.2018;4,25
20.9.2018;4,25
21.9.2018;4,25
24.9.2018;4,25
25.9.2018;4,25
26.9.2018;4,25
27.9.2018;4,25
28.9.2018;4,25
1.10.2018;4,25
2.10.2018;4,25
3.10.2018;4,25
4.10.2018;4,25
5.10.2018;4,25
8.10.2018;4,25
9.10.2018;4,25
10.10.2018;4,25
11.10.2018;4,25
12.10.2018;4,25
15.10.2018;4,25
16.10.2018;4,25
17.10.2018;4,25
18.10.2018;4,25
19.10.2018;4,25
22.10.2018;4,25
23.10.2018;4,25
24.10.2018;4,25
25.10.2018;4,25
26.10.2018;4,25
29.10.2018;4,25
30.10.2018;4,25
31.10.2018;4,25
1.11.2018;4,25
2.11.2018;4,25
5.11.2018;4,25
6.11.2018;4,25
7.11.2018;4,5
8.11.2018;4,5
9.11.2018;4,5
12.11.2018;4,5
13.11.2018;4,5
14.11.2018;4,5
15.11.2018;4,5
16.11.2018;4,5
19.11.2018;4,5
20.11.2018;4,5
21.11.2018;4,5
22.11.2018;4,5
23.11.2018;4,5
26.11.2018;4,5
27.11.2018;4,5
28.11.2018;4,5
29.11.2018;4,5
30.11.2018;4,5
3.12.2018;4,5
4.12.2018;4,5
5.12.2018;4,5
6.12.2018;4,5
7.12.2018;4,5
10.12.2018;4,5
11.12.2018;4,5
12.12.2018;4,5
13.12.2018;4,5
14.12.2018;4,5
17.12.2018;4,5
18.12.2018;4,5
19.12.2018;4,5
20.12.2018;4,5
21.12.2018;4,5
27.12.2018;4,5
28.12.2018;4,5
31.12.2018;4,5
1.1.2019;4,5
2.1.2019;4,5
3.1.2019;4,5
4.1.2019;4,5
7.1.2019;4,5
8.1.2019;4,5
9.1.2019;4,5
10.1.2019;4,5
11.1.2019;4,5
14.1.2019;4,5
15.1.2019;4,5
16.1.2019;4,5
17.1.2019;4,5
18.1.2019;4,5
21.1.2019;4,5
22.1.2019;4,5
23.1.2019;4,5
24.1.2019;4,5
25.1.2019;4,5
28.1.2019;4,5
29.1.2019;4,5
30.1.2019;4,5
31.1.2019;4,5
1.2.2019;4,5
4.2.2019;4,5
5.2.2019;4,5
6.2.2019;4,5
7.2.2019;4,5
8.2.2019;4,5
11.2.2019;4,5
12.2.2019;4,5
13.2.2019;4,5
14.2.2019;4,5
15.2.2019;4,5
18.2.2019;4,5
19.2.2019;4,5
20.2.2019;4,5
21.2.2019;4,5
22.2.2019;4,5
25.2.2019;4,5
26.2.2019;4,5
27.2.2019;4,5
28.2.2019;4,5
1.3.2019;4,5
4.3.2019;4,5
5.3.2019;4,5
6.3.2019;4,5
7.3.2019;4,5
8.3.2019;4,5
11.3.2019;4,5
12.3.2019;4,5
13.3.2019;4,5
14.3.2019;4,5
15.3.2019;4,5
18.3.2019;4,5
19.3.2019;4,5
20.3.2019;4,5
21.3.2019;4,5
22.3.2019;4,5
25.3.2019;4,5
26.3.2019;4,5
27.3.2019;4,5
28.3.2019;4,5
29.3.2019;4,5
1.4.2019;4,5
2.4.2019;4,5
3.4.2019;4,5
4.4.2019;4,5
5.4.2019;4,5
8.4.2019;4,5
9.4.2019;4,5
10.4.2019;4,5
11.4.2019;4,5
12.4.2019;4,5
15.4.2019;4,5
16.4.2019;4,5
17.4.2019;4,5
19.4.2019;4,5
23.4.2019;4,5
24.4.2019;4,5
26.4.2019;4,5
29.4.2019;4,5
30.4.2019;4,5
2.5.2019;4,5
3.5.2019;4,5
6.5.2019;4,5
7.5.2019;4,5
8.5.2019;4,5
9.5.2019;4,5
10.5.2019;4,5
13.5.2019;4,5
14.5.2019;4,5
15.5.2019;4,5
16.5.2019;4,5
17.5.2019;4,5
20.5.2019;4,5
21.5.2019;4,5
22.5.2019;4
23.5.2019;4
24.5.2019;4
27.5.2019;4
28.5.2019;4
29.5.2019;4
31.5.2019;4
3.6.2019;4
4.6.2019;4
5.6.2019;4
6.6.2019;4
7.6.2019;4
11.6.2019;4
12.6.2019;4
13.6.2019;4
14.6.2019;4
18.6.2019;4
19.6.2019;4
20.6.2019;4
21.6.2019;4
24.6.2019;4
25.6.2019;4
26.6.2019;3,75
27.6.2019;3,75
28.6.2019;3,75
1.7.2019;3,75
2.7.2019;3,75
3.7.2019;3,75
4.7.2019;3,75
5.7.2019;3,75
8.7.2019;3,75
9.7.2019;3,75
10.7.2019;3,75
11.7.2019;3,75
12.7.2019;3,75
15.7.2019;3,75
16.7.2019;3,75
17.7.2019;3,75
18.7.2019;3,75
19.7.2019;3,75
22.7.2019;3,75
23.7.2019;3,75
24.7.2019;3,75
25.7.2019;3,75
26.7.2019;3,75
29.7.2019;3,75
30.7.2019;3,75
31.7.2019;3,75
1.8.2019;3,75
2.8.2019;3,75
6.8.2019;3,75
7.8.2019;3,75
8.8.2019;3,75
9.8.2019;3,75
12.8.2019;3,75
13.8.2019;3,75
14.8.2019;3,75
15.8.2019;3,75
16.8.2019;3,75
19.8.2019;3,75
20.8.2019;3,75
21.8.2019;3,75
22.8.2019;3,75
23.8.2019;3,75
26.8.2019;3,75
27.8.2019;3,75
28.8.2019;3,5
29.8.2019;3,5
30.8.2019;3,5
2.9.2019;3,5
3.9.2019;3,5
4.9.2019;3,5
5.9.2019;3,5
6.9.2019;3,5
9.9.2019;3,5
10.9.2019;3,5
11.9.2019;3,5
12.9.2019;3,5
13.9.2019;3,5
16.9.2019;3,5
17.9.2019;3,5
18.9.2019;3,5
19.9.2019;3,5
20.9.2019;3,5
23.9.2019;3,5
24.9.2019;3,5
25.9.2019;3,5
26.9.2019;3,5
27.9.2019;3,5
30.9.2019;3,5
1.10.2019;3,5
2.10.2019;3,25
3.10.2019;3,25
4.10.2019;3,25
7.10.2019;3,25
8.10.2019;3,25
9.10.2019;3,25
10.10.2019;3,25
11.10.2019;3,25
14.10.2019;3,25
15.10.2019;3,25
16.10.2019;3,25
17.10.2019;3,25
18.10.2019;3,25
21.10.2019;3,25
22.10.2019;3,25
23.10.2019;3,25
24.10.2019;3,25
25.10.2019;3,25
28.10.2019;3,25
29.10.2019;3,25
30.10.2019;3,25
31.10.2019;3,25
1.11.2019;3,25
4.11.2019;3,25
5.11.2019;3,25
6.11.2019;3
7.11.2019;3
8.11.2019;3
11.11.2019;3
12.11.2019;3
13.11.2019;3
14.11.2019;3
15.11.2019;3
18.11.2019;3
19.11.2019;3
20.11.2019;3
21.11.2019;3
22.11.2019;3
25.11.2019;3
26.11.2019;3
27.11.2019;3
28.11.2019;3
29.11.2019;3
2.12.2019;3
3.12.2019;3
4.12.2019;3
5.12.2019;3
6.12.2019;3
9.12.2019;3
10.12.2019;3
11.12.2019;3
12.12.2019;3
13.12.2019;3
16.12.2019;3
17.12.2019;3
18.12.2019;3
19.12.2019;3
20.12.2019;3
23.12.2019;3
27.12.2019;3
30.12.2019;3
31.12.2019;3
1.1.2020;3
2.1.2020;3
3.1.2020;3
6.1.2020;3
7.1.2020;3
8.1.2020;3
9.1.2020;3
10.1.2020;3
13.1.2020;3
14.1.2020;3
15.1.2020;3
16.1.2020;3
17.1.2020;3
20.1.2020;3
21.1.2020;3
22.1.2020;3
23.1.2020;3
24.1.2020;3
27.1.2020;3
28.1.2020;3
29.1.2020;3
30.1.2020;3
31.1.2020;3
3.2.2020;3
4.2.2020;3
5.2.2020;2,75
6.2.2020;2,75
7.2.2020;2,75
10.2.2020;2,75
11.2.2020;2,75
12.2.2020;2,75
13.2.2020;2,75
14.2.2020;2,75
17.2.2020;2,75
18.2.2020;2,75
19.2.2020;2,75
20.2.2020;2,75
21.2.2020;2,75
24.2.2020;2,75
25.2.2020;2,75
26.2.2020;2,75
27.2.2020;2,75
28.2.2020;2,75
2.3.2020;2,75
3.3.2020;2,75
4.3.2020;2,75
5.3.2020;2,75
6.3.2020;2,75
9.3.2020;2,75
10.3.2020;2,75
11.3.2020;2,25
12.3.2020;2,25
13.3.2020;2,25
16.3.2020;2,25
17.3.2020;2,25
18.3.2020;1,75
19.3.2020;1,75
20.3.2020;1,75
23.3.2020;1,75
24.3.2020;1,75
25.3.2020;1,75
26.3.2020;1,75
27.3.2020;1,75
30.3.2020;1,75
31.3.2020;1,75
1.4.2020;1,75
2.4.2020;1,75
3.4.2020;1,75
6.4.2020;1,75
7.4.2020;1,75
8.4.2020;1,75
14.4.2020;1,75
15.4.2020;1,75
16.4.2020;1,75
17.4.2020;1,75
20.4.2020;1,75
21.4.2020;1,75
22.4.2020;1,75
24.4.2020;1,75
27.4.2020;1,75
28.4.2020;1,75
29.4.2020;1,75
30.4.2020;1,75
4.5.2020;1,75
5.5.2020;1,75
6.5.2020;1,75
7.5.2020;1,75
8.5.2020;1,75
11.5.2020;1,75
12.5.2020;1,75
13.5.2020;1,75
14.5.2020;1,75
15.5.2020;1,75
18.5.2020;1,75
19.5.2020;1,75
20.5.2020;1
22.5.2020;1
25.5.2020;1
26.5.2020;1
27.5.2020;1
28.5.2020;1
29.5.2020;1
2.6.2020;1
3.6.2020;1
4.6.2020;1
5.6.2020;1
8.6.2020;1
9.6.2020;1
10.6.2020;1
11.6.2020;1
12.6.2020;1
15.6.2020;1
16.6.2020;1
18.6.2020;1
19.6.2020;1
22.6.2020;1
23.6.2020;1
24.6.2020;1
25.6.2020;1
26.6.2020;1
29.6.2020;1
30.6.2020;1
1.7.2020;1
2.7.2020;1
3.7.2020;1
6.7.2020;1
7.7.2020;1
8.7.2020;1
9.7.2020;1
10.7.2020;1
13.7.2020;1
14.7.2020;1
15.7.2020;1
16.7.2020;1
17.7.2020;1
20.7.2020;1
21.7.2020;1
22.7.2020;1
23.7.2020;1
24.7.2020;1
27.7.2020;1
28.7.2020;1
29.7.2020;1
30.7.2020;1
31.7.2020;1
4.8.2020;1
5.8.2020;1
6.8.2020;1
7.8.2020;1
10.8.2020;1
11.8.2020;1
12.8.2020;1
13.8.2020;1
14.8.2020;1
17.8.2020;1
18.8.2020;1
19.8.2020;1
20.8.2020;1
21.8.2020;1
24.8.2020;1
25.8.2020;1
26.8.2020;1
27.8.2020;1
28.8.2020;1
31.8.2020;1
1.9.2020;1
2.9.2020;1
3.9.2020;1
4.9.2020;1
7.9.2020;1
8.9.2020;1
9.9.2020;1
10.9.2020;1
11.9.2020;1
14.9.2020;1
15.9.2020;1
16.9.2020;1
17.9.2020;1
18.9.2020;1
21.9.2020;1
22.9.2020;1
23.9.2020;1
24.9.2020;1
25.9.2020;1
28.9.2020;1
29.9.2020;1
30.9.2020;1
1.10.2020;1
2.10.2020;1
5.10.2020;1
6.10.2020;1
7.10.2020;1
8.10.2020;1
9.10.2020;1
12.10.2020;1
13.10.2020;1
14.10.2020;1
15.10.2020;1
16.10.2020;1
19.10.2020;1
20.10.2020;1
21.10.2020;1
22.10.2020;1
23.10.2020;1
26.10.2020;1
27.10.2020;1
28.10.2020;1
29.10.2020;1
30.10.2020;1
2.11.2020;1
3.11.2020;1
4.11.2020;1
5.11.2020;1
6.11.2020;1
9.11.2020;1
10.11.2020;1
11.11.2020;1
12.11.2020;1
13.11.2020;1
16.11.2020;1
17.11.2020;1
18.11.2020;0,75
19.11.2020;0,75
20.11.2020;0,75
23.11.2020;0,75
24.11.2020;0,75
25.11.2020;0,75
26.11.2020;0,75
27.11.2020;0,75
30.11.2020;0,75
1.12.2020;0,75
2.12.2020;0,75
3.12.2020;0,75
4.12.2020;0,75
7.12.2020;0,75
8.12.2020;0,75
9.12.2020;0,75
10.12.2020;0,75
11.12.2020;0,75
14.12.2020;0,75
15.12.2020;0,75
16.12.2020;0,75
17.12.2020;0,75
18.12.2020;0,75
21.12.2020;0,75
22.12.2020;0,75
23.12.2020;0,75
28.12.2020;0,75
29.12.2020;0,75
30.12.2020;0,75
31.12.2020;0,75
1.1.2021;0,75
4.1.2021;0,75
5.1.2021;0,75
6.1.2021;0,75
7.1.2021;0,75
8.1.2021;0,75
11.1.2021;0,75
12.1.2021;0,75
13.1.2021;0,75
14.1.2021;0,75
15.1.2021;0,75
18.1.2021;0,75
19.1.2021;0,75
20.1.2021;0,75
21.1.2021;0,75
22.1.2021;0,75
25.1.2021;0,75
26.1.2021;0,75
27.1.2021;0,75
28.1.2021;0,75
29.1.2021;0,75
1.2.2021;0,75
2.2.2021;0,75
3.2.2021;0,75
4.2.2021;0,75
5.2.2021;0,75
8.2.2021;0,75
9.2.2021;0,75
10.2.2021;0,75
11.2.2021;0,75
12.2.2021;0,75
15.2.2021;0,75
16.2.2021;0,75
17.2.2021;0,75
18.2.2021;0,75
19.2.2021;0,75
22.2.2021;0,75
23.2.2021;0,75
24.2.2021;0,75
25.2.2021;0,75
26.2.2021;0,75
1.3.2021;0,75
2.3.2021;0,75
3.3.2021;0,75
4.3.2021;0,75
5.3.2021;0,75
8.3.2021;0,75
9.3.2021;0,75
10.3.2021;0,75
11.3.2021;0,75
12.3.2021;0,75
15.3.2021;0,75
16.3.2021;0,75
17.3.2021;0,75
18.3.2021;0,75
19.3.2021;0,75
22.3.2021;0,75
23.3.2021;0,75
24.3.2021;0,75
25.3.2021;0,75
26.3.2021;0,75
29.3.2021;0,75
30.3.2021;0,75
31.3.2021;0,75
6.4.2021;0,75
7.4.2021;0,75
8.4.2021;0,75
9.4.2021;0,75
12.4.2021;0,75
13.4.2021;0,75
14.4.2021;0,75
15.4.2021;0,75
16.4.2021;0,75
19.4.2021;0,75
20.4.2021;0,75
21.4.2021;0,75
23.4.2021;0,75
26.4.2021;0,75
27.4.2021;0,75
28.4.2021;0,75
29.4.2021;0,75
30.4.2021;0,75
3.5.2021;0,75
4.5.2021;0,75
5.5.2021;0,75
6.5.2021;0,75
7.5.2021;0,75
10.5.2021;0,75
11.5.2021;0,75
12.5.2021;0,75
14.5.2021;0,75
17.5.2021;0,75
18.5.2021;0,75
19.5.2021;1
20.5.2021;1
21.5.2021;1
25.5.2021;1
26.5.2021;1
27.5.2021;1
28.5.2021;1
31.5.2021;1
1.6.2021;1
2.6.2021;1
3.6.2021;1
4.6.2021;1
7.6.2021;1
8.6.2021;1
9.6.2021;1
10.6.2021;1
11.6.2021;1
14.6.2021;1
15.6.2021;1
16.6.2021;1
18.6.2021;1
21.6.2021;1
22.6.2021;1
23.6.2021;1
24.6.2021;1
25.6.2021;1
28.6.2021;1
29.6.2021;1
30.6.2021;1
1.7.2021;1
2.7.2021;1
5.7.2021;1
6.7.2021;1
7.7.2021;1
8.7.2021;1
9.7.2021;1
12.7.2021;1
13.7.2021;1
14.7.2021;1
15.7.2021;1
16.7.2021;1
19.7.2021;1
20.7.2021;1
21.7.2021;1
22.7.2021;1
23.7.2021;1
26.7.2021;1
27.7.2021;1
28.7.2021;1
29.7.2021;1
30.7.2021;1
3.8.2021;1
4.8.2021;1
5.8.2021;1
6.8.2021;1
9.8.2021;1
10.8.2021;1
11.8.2021;1
12.8.2021;1
13.8.2021;1
16.8.2021;1
17.8.2021;1
18.8.2021;1
19.8.2021;1
20.8.2021;1
23.8.2021;1
24.8.2021;1
25.8.2021;1,25
26.8.2021;1,25
27.8.2021;1,25
30.8.2021;1,25
31.8.2021;1,25
1.9.2021;1,25
2.9.2021;1,25
3.9.2021;1,25
6.9.2021;1,25
7.9.2021;1,25
8.9.2021;1,25
9.9.2021;1,25
10.9.2021;1,25
13.9.2021;1,25
14.9.2021;1,25
15.9.2021;1,25
16.9.2021;1,25
17.9.2021;1,25
20.9.2021;1,25
21.9.2021;1,25
22.9.2021;1,25
23.9.2021;1,25
24.9.2021;1,25
27.9.2021;1,25
28.9.2021;1,25
29.9.2021;1,25
30.9.2021;1,25
1.10.2021;1,25
4.10.2021;1,25
5.10.2021;1,25
6.10.2021;1,5
7.10.2021;1,5
8.10.2021;1,5
11.10.2021;1,5
12.10.2021;1,5
13.10.2021;1,5
14.10.2021;1,5
15.10.2021;1,5
18.10.2021;1,5
19.10.2021;1,5
20.10.2021;1,5
21.10.2021;1,5
22.10.2021;1,5
25.10.2021;1,5
26.10.2021;1,5
27.10.2021;1,5
28.10.2021;1,5
29.10.2021;1,5
1.11.2021;1,5
2.11.2021;1,5
3.11.2021;1,5
4.11.2021;1,5
5.11.2021;1,5
8.11.2021;1,5
9.11.2021;1,5
10.11.2021;1,5
11.11.2021;1,5
12.11.2021;1,5
15.11.2021;1,5
16.11.2021;1,5
17.11.2021;2
18.11.2021;2
19.11.2021;2
22.11.2021;2
23.11.2021;2
24.11.2021;2
25.11.2021;2
26.11.2021;2
29.11.2021;2
30.11.2021;2
1.12.2021;2
2.12.2021;2
3.12.2021;2
6.12.2021;2
7.12.2021;2
8.12.2021;2
9.12.2021;2
10.12.2021;2
13.12.2021;2
14.12.2021;2
15.12.2021;2
16.12.2021;2
17.12.2021;2
20.12.2021;2
21.12.2021;2
22.12.2021;2
23.12.2021;2
27.12.2021;2
28.12.2021;2
29.12.2021;2
30.12.2021;2
31.12.2021;2
3.1.2022;2
4.1.2022;2
5.1.2022;2
6.1.2022;2
7.1.2022;2
10.1.2022;2
11.1.2022;2
12.1.2022;2
13.1.2022;2
14.1.2022;2
17.1.2022;2
18.1.2022;2
19.1.2022;2
20.1.2022;2
21.1.2022;2
24.1.2022;2
25.1.2022;2
26.1.2022;2
27.1.2022;2
28.1.2022;2
31.1.2022;2
1.2.2022;2
2.2.2022;2
3.2.2022;2
4.2.2022;2
7.2.2022;2
8.2.2022;2
9.2.2022;2,75
10.2.2022;2,75
11.2.2022;2,75
14.2.2022;2,75
15.2.2022;2,75
16.2.2022;2,75
17.2.2022;2,75
18.2.2022;2,75
21.2.2022;2,75
22.2.2022;2,75
23.2.2022;2,75
24.2.2022;2,75
25.2.2022;2,75
28.2.2022;2,75
1.3.2022;2,75
2.3.2022;2,75
3.3.2022;2,75
4.3.2022;2,75
7.3.2022;2,75
8.3.2022;2,75
9.3.2022;2,75
10.3.2022;2,75
11.3.2022;2,75
14.3.2022;2,75
15.3.2022;2,75
16.3.2022;2,75
17.3.2022;2,75
18.3.2022;2,75
21.3.2022;2,75
22.3.2022;2,75
23.3.2022;2,75
24.3.2022;2,75
25.3.2022;2,75
28.3.2022;2,75
29.3.2022;2,75
30.3.2022;2,75
31.3.2022;2,75
1.4.2022;2,75
4.4.2022;2,75
5.4.2022;2,75
6.4.2022;2,75
7.4.2022;2,75
8.4.2022;2,75
11.4.2022;2,75
12.4.2022;2,75
13.4.2022;2,75
19.4.2022;2,75
20.4.2022;2,75
22.4.2022;2,75
25.4.2022;2,75
26.4.2022;2,75
27.4.2022;2,75
28.4.2022;2,75
29.4.2022;2,75
2.5.2022;2,75
3.5.2022;2,75
4.5.2022;3,75
5.5.2022;3,75
6.5.2022;3,75
9.5.2022;3,75
10.5.2022;3,75
11.5.2022;3,75
12.5.2022;3,75
13.5.2022;3,75
16.5.2022;3,75
17.5.2022;3,75
18.5.2022;3,75
19.5.2022;3,75
20.5.2022;3,75
23.5.2022;3,75
24.5.2022;3,75
25.5.2022;3,75
27.5.2022;3,75
30.5.2022;3,75
31.5.2022;3,75
1.6.2022;3,75
2.6.2022;3,75
3.6.2022;3,75
7.6.2022;3,75
8.6.2022;3,75
9.6.2022;3,75
10.6.2022;3,75
13.6.2022;3,75
14.6.2022;3,75
15.6.2022;3,75
16.6.2022;3,75
20.6.2022;3,75
21.6.2022;3,75
22.6.2022;4,75
23.6.2022;4,75
24.6.2022;4,75
27.6.2022;4,75
28.6.2022;4,75
29.6.2022;4,75
30.6.2022;4,75
1.7.2022;4,75
4.7.2022;4,75
5.7.2022;4,75
6.7.2022;4,75
7.7.2022;4,75
8.7.2022;4,75
11.7.2022;4,75
12.7.2022;4,75
13.7.2022;4,75
14.7.2022;4,75
15.7.2022;4,75
18.7.2022;4,75
19.7.2022;4,75
20.7.2022;4,75
21.7.2022;4,75
22.7.2022;4,75
25.7.2022;4,75
26.7.2022;4,75
27.7.2022;4,75
28.7.2022;4,75
29.7.2022;4,75
2.8.2022;4,75
3.8.2022;4,75
4.8.2022;4,75
5.8.2022;4,75
8.8.2022;4,75
9.8.2022;4,75
10.8.2022;4,75
11.8.2022;4,75
12.8.2022;4,75
15.8.2022;4,75
16.8.2022;4,75
17.8.2022;4,75
18.8.2022;4,75
19.8.2022;4,75
22.8.2022;4,75
23.8.2022;4,75
24.8.2022;5,5
25.8.2022;5,5
26.8.2022;5,5
29.8.2022;5,5
30.8.2022;5,5
31.8.2022;5,5
1.9.2022;5,5
2.9.2022;5,5
5.9.2022;5,5
6.9.2022;5,5
7.9.2022;5,5
8.9.2022;5,5
9.9.2022;5,5
12.9.2022;5,5
13.9.2022;5,5
14.9.2022;5,5
15.9.2022;5,5
16.9.2022;5,5
19.9.2022;5,5
20.9.2022;5,5
21.9.2022;5,5
22.9.2022;5,5
23.9.2022;5,5
26.9.2022;5,5
27.9.2022;5,5
28.9.2022;5,5
29.9.2022;5,5
30.9.2022;5,5
3.10.2022;5,5
4.10.2022;5,5
5.10.2022;5,75
6.10.2022;5,75
7.10.2022;5,75
10.10.2022;5,75
11.10.2022;5,75
12.10.2022;5,75
13.10.2022;5,75
14.10.2022;5,75
17.10.2022;5,75
18.10.2022;5,75
19.10.2022;5,75
20.10.2022;5,75
21.10.2022;5,75
24.10.2022;5,75
25.10.2022;5,75
26.10.2022;5,75
27.10.2022;5,75
28.10.2022;5,75
31.10.2022;5,75
1.11.2022;5,75
2.11.2022;5,75
3.11.2022;5,75
4.11.2022;5,75
7.11.2022;5,75
8.11.2022;5,75
9.11.2022;5,75
10.11.2022;5,75
11.11.2022;5,75
14.11.2022;5,75
15.11.2022;5,75
16.11.2022;5,75
17.11.2022;5,75
18.11.2022;5,75
21.11.2022;5,75
22.11.2022;5,75
23.11.2022;6
24.11.2022;6
25.11.2022;6
28.11.2022;6
29.11.2022;6
30.11.2022;6
1.12.2022;6
2.12.2022;6
5.12.2022;6
6.12.2022;6
7.12.2022;6
8.12.2022;6
9.12.2022;6
12.12.2022;6
13.12.2022;6
14.12.2022;6
15.12.2022;6
16.12.2022;6
19.12.2022;6
20.12.2022;6
21.12.2022;6
22.12.2022;6
23.12.2022;6
27.12.2022;6
28.12.2022;6
29.12.2022;6
30.12.2022;6
2.1.2023;6
3.1.2023;6
4.1.2023;6
5.1.2023;6
6.1.2023;6
9.1.2023;6
10.1.2023;6
11.1.2023;6
12.1.2023;6
13.1.2023;6
16.1.2023;6
17.1.2023;6
18.1.2023;6
19.1.2023;6
20.1.2023;6
23.1.2023;6
24.1.2023;6
25.1.2023;6
26.1.2023;6
27.1.2023;6
30.1.2023;6
31.1.2023;6
1.2.2023;6
2.2.2023;6
3.2.2023;6
6.2.2023;6
7.2.2023;6
8.2.2023;6,5
9.2.2023;6,5
10.2.2023;6,5
13.2.2023;6,5
14.2.2023;6,5
15.2.2023;6,5
16.2.2023;6,5
17.2.2023;6,5
20.2.2023;6,5
21.2.2023;6,5
22.2.2023;6,5
23.2.2023;6,5
24.2.2023;6,5
27.2.2023;6,5
28.2.2023;6,5
1.3.2023;6,5
2.3.2023;6,5
3.3.2023;6,5
6.3.2023;6,5
7.3.2023;6,5
8.3.2023;6,5
9.3.2023;6,5
10.3.2023;6,5
13.3.2023;6,5
14.3.2023;6,5
15.3.2023;6,5
16.3.2023;6,5
17.3.2023;6,5
20.3.2023;6,5
21.3.2023;6,5
22.3.2023;7,5
23.3.2023;7,5
24.3.2023;7,5
27.3.2023;7,5
28.3.2023;7,5
29.3.2023;7,5
30.3.2023;7,5
31.3.2023;7,5
3.4.2023;7,5
4.4.2023;7,5
5.4.2023;7,5
11.4.2023;7,5
12.4.2023;7,5
13.4.2023;7,5
14.4.2023;7,5
17.4.2023;7,5
18.4.2023;7,5
19.4.2023;7,5
21.4.2023;7,5
24.4.2023;7,5
25.4.2023;7,5
26.4.2023;7,5
27.4.2023;7,5
28.4.2023;7,5
2.5.2023;7,5
3.5.2023;7,5
4.5.2023;7,5
5.5.2023;7,5
8.5.2023;7,5
9.5.2023;7,5
10.5.2023;7,5
11.5.2023;7,5
12.5.2023;7,5
15.5.2023;7,5
16.5.2023;7,5
17.5.2023;7,5
19.5.2023;7,5
22.5.2023;7,5
23.5.2023;7,5
24.5.2023;8,75
25.5.2023;8,75
26.5.2023;8,75
30.5.2023;8,75
31.5.2023;8,75
1.6.2023;8,75
2.6.2023;8,75
5.6.2023;8,75
6.6.2023;8,75
7.6.2023;8,75
8.6.2023;8,75
9.6.2023;8,75
12.6.2023;8,75
13.6.2023;8,75
14.6.2023;8,75
15.6.2023;8,75
16.6.2023;8,75
19.6.2023;8,75
20.6.2023;8,75
21.6.2023;8,75
22.6.2023;8,75
23.6.2023;8,75
26.6.2023;8,75
27.6.2023;8,75
28.6.2023;8,75
29.6.2023;8,75
30.6.2023;8,75
3.7.2023;8,75
4.7.2023;8,75
5.7.2023;8,75
6.7.2023;8,75
7.7.2023;8,75
10.7.2023;8,75
11.7.2023;8,75
12.7.2023;8,75
13.7.2023;8,75
14.7.2023;8,75
17.7.2023;8,75
18.7.2023;8,75
19.7.2023;8,75
20.7.2023;8,75
21.7.2023;8,75
24.7.2023;8,75
25.7.2023;8,75
26.7.2023;8,75
27.7.2023;8,75
28.7.2023;8,75
31.7.2023;8,75
1.8.2023;8,75
2.8.2023;8,75
3.8.2023;8,75
4.8.2023;8,75
8.8.2023;8,75
9.8.2023;8,75
10.8.2023;8,75
11.8.2023;8,75
14.8.2023;8,75
15.8.2023;8,75
16.8.2023;8,75
17.8.2023;8,75
18.8.2023;8,75
21.8.2023;8,75
22.8.2023;8,75
23.8.2023;9,25
24.8.2023;9,25
25.8.2023;9,25
28.8.2023;9,25
29.8.2023;9,25
30.8.2023;9,25
31.8.2023;9,25
1.9.2023;9,25
4.9.2023;9,25
5.9.2023;9,25
6.9.2023;9,25
7.9.2023;9,25
8.9.2023;9,25
11.9.2023;9,25
12.9.2023;9,25
13.9.2023;9,25
14.9.2023;9,25
15.9.2023;9,25
18.9.2023;9,25
19.9.2023;9,25
20.9.2023;9,25
21.9.2023;9,25
22.9.2023;9,25
25.9.2023;9,25
26.9.2023;9,25
27.9.2023;9,25
28.9.2023;9,25
29.9.2023;9,25
2.10.2023;9,25
3.10.2023;9,25
4.10.2023;9,25
5.10.2023;9,25
6.10.2023;9,25
9.10.2023;9,25
10.10.2023;9,25
11.10.2023;9,25
12.10.2023;9,25
13.10.2023;9,25
16.10.2023;9,25
17.10.2023;9,25
18.10.2023;9,25
19.10.2023;9,25
20.10.2023;9,25
23.10.2023;9,25
24.10.2023;9,25
25.10.2023;9,25
26.10.2023;9,25
27.10.2023;9,25
30.10.2023;9,25
31.10.2023;9,25
1.11.2023;9,25
2.11.2023;9,25
3.11.2023;9,25
6.11.2023;9,25
7.11.2023;9,25
8.11.2023;9,25
9.11.2023;9,25
10.11.2023;9,25
13.11.2023;9,25
14.11.2023;9,25
15.11.2023;9,25
16.11.2023;9,25
17.11.2023;9,25
20.11.2023;9,25
21.11.2023;9,25
22.11.2023;9,25
23.11.2023;9,25
24.11.2023;9,25
27.11.2023;9,25
28.11.2023;9,25
29.11.2023;9,25
30.11.2023;9,25
1.12.2023;9,25
4.12.2023;9,25
5.12.2023;9,25
6.12.2023;9,25
7.12.2023;9,25
8.12.2023;9,25
11.12.2023;9,25
12.12.2023;9,25
13.12.2023;9,25
14.12.2023;9,25
15.12.2023;9,25
18.12.2023;9,25
19.12.2023;9,25
20.12.2023;9,25
21.12.2023;9,25
22.12.2023;9,25
27.12.2023;9,25
28.12.2023;9,25
29.12.2023;9,25
2.1.2024;9,25
3.1.2024;9,25
4.1.2024;9,25
5.1.2024;9,25
8.1.2024;9,25
9.1.2024;9,25
10.1.2024;9,25
11.1.2024;9,25
12.1.2024;9,25
15.1.2024;9,25
16.1.2024;9,25
17.1.2024;9,25
18.1.2024;9,25
19.1.2024;9,25
22.1.2024;9,25
23.1.2024;9,25
24.1.2024;9,25
25.1.2024;9,25
26.1.2024;9,25
29.1.2024;9,25
30.1.2024;9,25
31.1.2024;9,25
1.2.2024;9,25
2.2.2024;9,25
5.2.2024;9,25
6.2.2024;9,25
7.2.2024;9,25
8.2.2024;9,25
9.2.2024;9,25
12.2.2024;9,25
13.2.2024;9,25
14.2.2024;9,25
15.2.2024;9,25
16.2.2024;9,25
19.2.2024;9,25
20.2.2024;9,25
21.2.2024;9,25
22.2.2024;9,25
23.2.2024;9,25
26.2.2024;9,25
27.2.2024;9,25
28.2.2024;9,25
29.2.2024;9,25
1.3.2024;9,25
4.3.2024;9,25
5.3.2024;9,25
6.3.2024;9,25
7.3.2024;9,25
8.3.2024;9,25
11.3.2024;9,25
12.3.2024;9,25
13.3.2024;9,25
14.3.2024;9,25
15.3.2024;9,25
18.3.2024;9,25
19.3.2024;9,25
20.3.2024;9,25
21.3.2024;9,25
22.3.2024;9,25
25.3.2024;9,25
26.3.2024;9,25
27.3.2024;9,25
2.4.2024;9,25
3.4.2024;9,25
4.4.2024;9,25
5.4.2024;9,25
8.4.2024;9,25
9.4.2024;9,25
10.4.2024;9,25
11.4.2024;9,25
12.4.2024;9,25
15.4.2024;9,25
16.4.2024;9,25
17.4.2024;9,25
18.4.2024;9,25
19.4.2024;9,25
22.4.2024;9,25
23.4.2024;9,25
24.4.2024;9,25
26.4.2024;9,25
29.4.2024;9,25
30.4.2024;9,25
2.5.2024;9,25
3.5.2024;9,25
6.5.2024;9,25
7.5.2024;9,25
8.5.2024;9,25
10.5.2024;9,25
13.5.2024;9,25
14.5.2024;9,25
15.5.2024;9,25
16.5.2024;9,25
17.5.2024;9,25
21.5.2024;9,25
22.5.2024;9,25
23.5.2024;9,25
24.5.2024;9,25
27.5.2024;9,25
28.5.2024;9,25
29.5.2024;9,25
30.5.2024;9,25
31.5.2024;9,25
3.6.2024;9,25
4.6.2024;9,25
5.6.2024;9,25
6.6.2024;9,25
7.6.2024;9,25
10.6.2024;9,25
11.6.2024;9,25
12.6.2024;9,25
13.6.2024;9,25
14.6.2024;9,25
18.6.2024;9,25
19.6.2024;9,25
20.6.2024;9,25
21.6.2024;9,25
24.6.2024;9,25
25.6.2024;9,25
26.6.2024;9,25
27.6.2024;9,25
28.6.2024;9,25
1.7.2024;9,25
2.7.2024;9,25
3.7.2024;9,25
4.7.2024;9,25
5.7.2024;9,25
8.7.2024;9,25
9.7.2024;9,25
10.7.2024;9,25
11.7.2024;9,25
12.7.2024;9,25
15.7.2024;9,25
16.7.2024;9,25
17.7.2024;9,25
18.7.2024;9,25
19.7.2024;9,25
22.7.2024;9,25
23.7.2024;9,25
24.7.2024;9,25
25.7.2024;9,25
26.7.2024;9,25
29.7.2024;9,25
30.7.2024;9,25
31.7.2024;9,25
1.8.2024;9,25
2.8.2024;9,25
6.8.2024;9,25
7.8.2024;9,25
8.8.2024;9,25
9.8.2024;9,25
12.8.2024;9,25
13.8.2024;9,25
14.8.2024;9,25
15.8.2024;9,25
16.8.2024;9,25
19.8.2024;9,25
20.8.2024;9,25
21.8.2024;9,25
22.8.2024;9,25
23.8.2024;9,25
26.8.2024;9,25
27.8.2024;9,25
28.8.2024;9,25
29.8.2024;9,25
30.8.2024;9,25
2.9.2024;9,25
3.9.2024;9,25
4.9.2024;9,25
5.9.2024;9,25
6.9.2024;9,25
9.9.2024;9,25
10.9.2024;9,25
11.9.2024;9,25
12.9.2024;9,25
13.9.2024;9,25
16.9.2024;9,25
17.9.2024;9,25
18.9.2024;9,25
19.9.2024;9,25
20.9.2024;9,25
23.9.2024;9,25
24.9.2024;9,25
25.9.2024;9,25
26.9.2024;9,25
27.9.2024;9,25
30.9.2024;9,25
1.10.2024;9,25
2.10.2024;9
3.10.2024;9
4.10.2024;9
7.10.2024;9
8.10.2024;9
9.10.2024;9
10.10.2024;9
11.10.2024;9
14.10.2024;9
15.10.2024;9
16.10.2024;9
17.10.2024;9
18.10.2024;9
21.10.2024;9
22.10.2024;9
23.10.2024;9
24.10.2024;9
25.10.2024;9
28.10.2024;9
29.10.2024;9
30.10.2024;9
31.10.2024;9
1.11.2024;9
4.11.2024;9
5.11.2024;9
6.11.2024;9
7.11.2024;9
8.11.2024;9
11.11.2024;9
12.11.2024;9
13.11.2024;9
14.11.2024;9
15.11.2024;9
18.11.2024;9
19.11.2024;9
20.11.2024;8,5
21.11.2024;8,5
22.11.2024;8,5
25.11.2024;8,5
26.11.2024;8,5
27.11.2024;8,5
28.11.2024;8,5
29.11.2024;8,5
2.12.2024;8,5
3.12.2024;8,5
4.12.2024;8,5
5.12.2024;8,5
6.12.2024;8,5
9.12.2024;8,5
10.12.2024;8,5
11.12.2024;8,5
12.12.2024;8,5
13.12.2024;8,5
16.12.2024;8,5
17.12.2024;8,5
18.12.2024;8,5
19.12.2024;8,5
20.12.2024;8,5
23.12.2024;8,5
27.12.2024;8,5
30.12.2024;8,5
31.12.2024;8,5
2.1.2025;8,5
3.1.2025;8,5
6.1.2025;8,5
7.1.2025;8,5
8.1.2025;8,5
9.1.2025;8,5
10.1.2025;8,5
13.1.2025;8,5
14.1.2025;8,5
15.1.2025;8,5
16.1.2025;8,5
17.1.2025;8,5
20.1.2025;8,5
21.1.2025;8,5
22.1.2025;8,5
23.1.2025;8,5
24.1.2025;8,5
27.1.2025;8,5
28.1.2025;8,5
29.1.2025;8,5
30.1.2025;8,5
31.1.2025;8,5
3.2.2025;8,5
4.2.2025;8,5
5.2.2025;8
6.2.2025;8
7.2.2025;8
10.2.2025;8
11.2.2025;8
12.2.2025;8
13.2.2025;8
14.2.2025;8
17.2.2025;8
18.2.2025;8
19.2.2025;8
20.2.2025;8
21.2.2025;8
24.2.2025;8
25.2.2025;8
26.2.2025;8
27.2.2025;8
28.2.2025;8
3.3.2025;8
4.3.2025;8
5.3.2025;8
6.3.2025;8
7.3.2025;8
10.3.2025;8
11.3.2025;8
12.3.2025;8
13.3.2025;8
14.3.2025;8
17.3.2025;8
18.3.2025;8
19.3.2025;7,75
20.3.2025;7,75
21.3.2025;7,75
24.3.2025;7,75
25.3.2025;7,75
26.3.2025;7,75
27.3.2025;7,75
28.3.2025;7,75
31.3.2025;7,75
1.4.2025;7,75
2.4.2025;7,75
3.4.2025;7,75
4.4.2025;7,75
7.4.2025;7,75
8.4.2025;7,75
9.4.2025;7,75
10.4.2025;7,75
11.4.2025;7,75
14.4.2025;7,75
15.4.2025;7,75
16.4.2025;7,75
22.4.2025;7,75
23.4.2025;7,75
25.4.2025;7,75
28.4.2025;7,75
29.4.2025;7,75
30.4.2025;7,75
2.5.2025;7,75
5.5.2025;7,75
6.5.2025;7,75
7.5.2025;7,75
8.5.2025;7,75
9.5.2025;7,75
12.5.2025;7,75
13.5.2025;7,75
14.5.2025;7,75
15.5.2025;7,75
16.5.2025;7,75
19.5.2025;7,75
20.5.2025;7,75
21.5.2025;7,5
22.5.2025;7,5
23.5.2025;7,5
26.5.2025;7,5
27.5.2025;7,5
28.5.2025;7,5
30.5.2025;7,5
2.6.2025;7,5
3.6.2025;7,5
4.6.2025;7,5
5.6.2025;7,5
6.6.2025;7,5
10.6.2025;7,5
11.6.2025;7,5
12.6.2025;7,5
13.6.2025;7,5
16.6.2025;7,5
18.6.2025;7,5
19.6.2025;7,5
20.6.2025;7,5
23.6.2025;7,5
24.6.2025;7,5
25.6.2025;7,5
26.6.2025;7,5
27.6.2025;7,5
30.6.2025;7,5
1.7.2025;7,5
2.7.2025;7,5
3.7.2025;7,5
4.7.2025;7,5
7.7.2025;7,5
8.7.2025;7,5
9.7.2025;7,5
10.7.2025;7,5
11.7.2025;7,5
14.7.2025;7,5
15.7.2025;7,5
16.7.2025;7,5
17.7.2025;7,5
18.7.2025;7,5
21.7.2025;7,5
22.7.2025;7,5
23.7.2025;7,5
24.7.2025;7,5
25.7.2025;7,5
28.7.2025;7,5
29.7.2025;7,5
30.7.2025;7,5
31.7.2025;7,5
1.8.2025;7,5
5.8.2025;7,5
6.8.2025;7,5
7.8.2025;7,5
8.8.2025;7,5
11.8.2025;7,5
12.8.2025;7,5
13.8.2025;7,5
14.8.2025;7,5
15.8.2025;7,5
18.8.2025;7,5
19.8.2025;7,5
20.8.2025;7,5
21.8.2025;7,5
22.8.2025;7,5
25.8.2025;7,5
26.8.2025;7,5
27.8.2025;7,5
28.8.2025;7,5
29.8.2025;7,5
1.9.2025;7,5
2.9.2025;7,5
3.9.2025;7,5
4.9.2025;7,5
5.9.2025;7,5
8.9.2025;7,5
9.9.2025;7,5
10.9.2025;7,5
11.9.2025;7,5
12.9.2025;7,5
15.9.2025;7,5
16.9.2025;7,5
17.9.2025;7,5
18.9.2025;7,5
19.9.2025;7,5
22.9.2025;7,5
23.9.2025;7,5
24.9.2025;7,5
25.9.2025;7,5
26.9.2025;7,5
29.9.2025;7,5
30.9.2025;7,5
1.10.2025;7,5
2.10.2025;7,5
3.10.2025;7,5
6.10.2025;7,5
7.10.2025;7,5
8.10.2025;7,5
9.10.2025;7,5
10.10.2025;7,5
13.10.2025;7,5
14.10.2025;7,5
15.10.2025;7,5
16.10.2025;7,5
17.10.2025;7,5
20.10.2025;7,5
21.10.2025;7,5
22.10.2025;7,5
23.10.2025;7,5
24.10.2025;7,5
27.10.2025;7,5
28.10.2025;7,5
29.10.2025;7,5
30.10.2025;7,5
31.10.2025;7,5
3.11.2025;7,5
4.11.2025;7,5
5.11.2025;7,5
6.11.2025;7,5
7.11.2025;7,5
10.11.2025;7,5
11.11.2025;7,5
12.11.2025;7,5
13.11.2025;7,5
14.11.2025;7,5
17.11.2025;7,5
18.11.2025;7,5
19.11.2025;7,25
20.11.2025;7,25
21.11.2025;7,25
24.11.2025;7,25
25.11.2025;7,25
26.11.2025;7,25
27.11.2025;7,25
28.11.2025;7,25
1.12.2025;7,25
2.12.2025;7,25
3.12.2025;7,25
4.12.2025;7,25
5.12.2025;7,25
8.12.2025;7,25
9.12.2025;7,25
10.12.2025;7,25
11.12.2025;7,25
12.12.2025;7,25
15.12.2025;7,25
16.12.2025;7,25
17.12.2025;7,25
18.12.2025;7,25
19.12.2025;7,25
22.12.2025;7,25
23.12.2025;7,25
29.12.2025;7,25
30.12.2025;7,25